NOC21_2 digit,NOC21_5 digit
00 Legislative and senior managers,00010 Legislators
00 Legislative and senior managers,00018 Seniors managers - public and private sector
"10 Specialized middle management occupations in administrative services, financial and business services and communication (except broadcasting)",10010 Financial managers
"10 Specialized middle management occupations in administrative services, financial and business services and communication (except broadcasting)",10011 Human resources managers
"10 Specialized middle management occupations in administrative services, financial and business services and communication (except broadcasting)",10012 Purchasing managers
"10 Specialized middle management occupations in administrative services, financial and business services and communication (except broadcasting)",10019 Other administrative services managers
"10 Specialized middle management occupations in administrative services, financial and business services and communication (except broadcasting)","10020 Insurance, real estate and financial brokerage managers"
"10 Specialized middle management occupations in administrative services, financial and business services and communication (except broadcasting)","10021 Banking, credit and other investment managers"
"10 Specialized middle management occupations in administrative services, financial and business services and communication (except broadcasting)","10022 Advertising, marketing and public relations managers"
"10 Specialized middle management occupations in administrative services, financial and business services and communication (except broadcasting)",10029 Other business services managers
"10 Specialized middle management occupations in administrative services, financial and business services and communication (except broadcasting)",10030 Telecommunication carriers managers
11 Professional occupations in finance and business,11100 Financial auditors and accountants
11 Professional occupations in finance and business,11101 Financial and investment analysts
11 Professional occupations in finance and business,11102 Financial advisors
11 Professional occupations in finance and business,"11103 Securities agents, investment dealers and brokers"
11 Professional occupations in finance and business,11109 Other financial officers
11 Professional occupations in finance and business,11200 Human resources professionals
11 Professional occupations in finance and business,11201 Professional occupations in business management consulting
11 Professional occupations in finance and business,"11202 Professional occupations in advertising, marketing and public relations"
12 Administrative and financial supervisors and specialized administrative occupations,"12010 Supervisors, general office and administrative support workers"
12 Administrative and financial supervisors and specialized administrative occupations,"12011 Supervisors, finance and insurance office workers"
12 Administrative and financial supervisors and specialized administrative occupations,"12012 Supervisors, library, correspondence and related information workers"
12 Administrative and financial supervisors and specialized administrative occupations,"12013 Supervisors, supply chain, tracking and scheduling coordination occupations"
12 Administrative and financial supervisors and specialized administrative occupations,12100 Executive assistants
12 Administrative and financial supervisors and specialized administrative occupations,12101 Human resources and recruitment officers
12 Administrative and financial supervisors and specialized administrative occupations,12102 Procurement and purchasing agents and officers
12 Administrative and financial supervisors and specialized administrative occupations,12103 Conference and event planners
12 Administrative and financial supervisors and specialized administrative occupations,12104 Employment insurance and revenue officers
12 Administrative and financial supervisors and specialized administrative occupations,"12110 Court reporters, medical transcriptionists and related occupations"
12 Administrative and financial supervisors and specialized administrative occupations,12111 Health information management occupations
12 Administrative and financial supervisors and specialized administrative occupations,12112 Records management technicians
12 Administrative and financial supervisors and specialized administrative occupations,12113 Statistical officers and related research support occupations
12 Administrative and financial supervisors and specialized administrative occupations,12200 Accounting technicians and bookkeepers
12 Administrative and financial supervisors and specialized administrative occupations,12201 Insurance adjusters and claims examiners
12 Administrative and financial supervisors and specialized administrative occupations,12202 Insurance underwriters
12 Administrative and financial supervisors and specialized administrative occupations,"12203 Assessors, business valuators and appraisers"
13 Administrative occupations and transportation logistics occupations,13100 Administrative officers
13 Administrative occupations and transportation logistics occupations,13101 Property administrators
13 Administrative occupations and transportation logistics occupations,13102 Payroll administrators
13 Administrative occupations and transportation logistics occupations,13110 Administrative assistants
13 Administrative occupations and transportation logistics occupations,13111 Legal administrative assistants
13 Administrative occupations and transportation logistics occupations,13112 Medical administrative assistants
13 Administrative occupations and transportation logistics occupations,"13200 Customs, ship and other brokers"
13 Administrative occupations and transportation logistics occupations,13201 Production and transportation logistics coordinators
14 Administrative and financial support and supply chain logistics occupations,14100 General office support workers
14 Administrative and financial support and supply chain logistics occupations,14101 Receptionists
14 Administrative and financial support and supply chain logistics occupations,14102 Personnel clerks
14 Administrative and financial support and supply chain logistics occupations,14103 Court clerks and related court services occupations
14 Administrative and financial support and supply chain logistics occupations,14110 Survey interviewers and statistical clerks
14 Administrative and financial support and supply chain logistics occupations,14111 Data entry clerks
14 Administrative and financial support and supply chain logistics occupations,14112 Desktop publishing operators and related occupations
14 Administrative and financial support and supply chain logistics occupations,14200 Accounting and related clerks
14 Administrative and financial support and supply chain logistics occupations,"14201 Banking, insurance and other financial clerks"
14 Administrative and financial support and supply chain logistics occupations,14202 Collection clerks
14 Administrative and financial support and supply chain logistics occupations,14300 Library assistants and clerks
14 Administrative and financial support and supply chain logistics occupations,"14301 Correspondence, publication and regulatory clerks"
14 Administrative and financial support and supply chain logistics occupations,14400 Shippers and receivers
14 Administrative and financial support and supply chain logistics occupations,14401 Storekeepers and partspersons
14 Administrative and financial support and supply chain logistics occupations,14402 Production logistics workers
14 Administrative and financial support and supply chain logistics occupations,14403 Purchasing and inventory control workers
14 Administrative and financial support and supply chain logistics occupations,14404 Dispatchers
14 Administrative and financial support and supply chain logistics occupations,14405 Transportation route and crew schedulers
"20 Specialized middle management occupations in engineering, architecture, science and information systems",20010 Engineering managers
"20 Specialized middle management occupations in engineering, architecture, science and information systems",20011 Architecture and science managers
"20 Specialized middle management occupations in engineering, architecture, science and information systems",20012 Computer and information systems managers
21 Professional occupations in natural and applied sciences,21100 Physicists and astronomers
21 Professional occupations in natural and applied sciences,21101 Chemists
21 Professional occupations in natural and applied sciences,21102 Geoscientists and oceanographers
21 Professional occupations in natural and applied sciences,21103 Meteorologists and climatologists
21 Professional occupations in natural and applied sciences,21109 Other professional occupations in physical sciences
21 Professional occupations in natural and applied sciences,21110 Biologists and related scientists
21 Professional occupations in natural and applied sciences,21111 Forestry professionals
21 Professional occupations in natural and applied sciences,"21112 Agricultural representatives, consultants and specialists"
21 Professional occupations in natural and applied sciences,21120 Public and environmental health and safety professionals
21 Professional occupations in natural and applied sciences,21200 Architects
21 Professional occupations in natural and applied sciences,21201 Landscape architects
21 Professional occupations in natural and applied sciences,21202 Urban and land use planners
21 Professional occupations in natural and applied sciences,21203 Land surveyors
21 Professional occupations in natural and applied sciences,"21210 Mathematicians, statisticians and actuaries"
21 Professional occupations in natural and applied sciences,21211 Data scientists
21 Professional occupations in natural and applied sciences,21220 Cybersecurity specialists
21 Professional occupations in natural and applied sciences,21221 Business systems specialists
21 Professional occupations in natural and applied sciences,21222 Information systems specialists
21 Professional occupations in natural and applied sciences,21223 Database analysts and data administrators
21 Professional occupations in natural and applied sciences,21230 Computer systems developers and programmers
21 Professional occupations in natural and applied sciences,21231 Software engineers and designers
21 Professional occupations in natural and applied sciences,21232 Software developers and programmers
21 Professional occupations in natural and applied sciences,21233 Web designers
21 Professional occupations in natural and applied sciences,21234 Web developers and programmers
21 Professional occupations in natural and applied sciences,21300 Civil engineers
21 Professional occupations in natural and applied sciences,21301 Mechanical engineers
21 Professional occupations in natural and applied sciences,21310 Electrical and electronics engineers
21 Professional occupations in natural and applied sciences,21311 Computer engineers (except software engineers and designers)
21 Professional occupations in natural and applied sciences,21320 Chemical engineers
21 Professional occupations in natural and applied sciences,21321 Industrial and manufacturing engineers
21 Professional occupations in natural and applied sciences,21322 Metallurgical and materials engineers
21 Professional occupations in natural and applied sciences,21330 Mining engineers
21 Professional occupations in natural and applied sciences,21331 Geological engineers
21 Professional occupations in natural and applied sciences,21332 Petroleum engineers
21 Professional occupations in natural and applied sciences,21390 Aerospace engineers
21 Professional occupations in natural and applied sciences,21399 Other professional engineers
22 Technical occupations related to natural and applied sciences,22100 Chemical technologists and technicians
22 Technical occupations related to natural and applied sciences,22101 Geological and mineral technologists and technicians
22 Technical occupations related to natural and applied sciences,22110 Biological technologists and technicians
22 Technical occupations related to natural and applied sciences,22111 Agricultural and fish products inspectors
22 Technical occupations related to natural and applied sciences,22112 Forestry technologists and technicians
22 Technical occupations related to natural and applied sciences,22113 Conservation and fishery officers
22 Technical occupations related to natural and applied sciences,22114 Landscape and horticulture technicians and specialists
22 Technical occupations related to natural and applied sciences,22210 Architectural technologists and technicians
22 Technical occupations related to natural and applied sciences,22211 Industrial designers
22 Technical occupations related to natural and applied sciences,22212 Drafting technologists and technicians
22 Technical occupations related to natural and applied sciences,22213 Land survey technologists and technicians
22 Technical occupations related to natural and applied sciences,22214 Technical occupations in geomatics and meteorology
22 Technical occupations related to natural and applied sciences,22220 Computer network and web technicians
22 Technical occupations related to natural and applied sciences,22221 User support technicians
22 Technical occupations related to natural and applied sciences,22222 Information systems testing technicians
22 Technical occupations related to natural and applied sciences,22230 Non-destructive testers and inspectors
22 Technical occupations related to natural and applied sciences,22231 Engineering inspectors and regulatory officers
22 Technical occupations related to natural and applied sciences,22232 Occupational health and safety specialists
22 Technical occupations related to natural and applied sciences,22233 Construction inspectors
22 Technical occupations related to natural and applied sciences,22300 Civil engineering technologists and technicians
22 Technical occupations related to natural and applied sciences,22301 Mechanical engineering technologists and technicians
22 Technical occupations related to natural and applied sciences,22302 Industrial engineering and manufacturing technologists and technicians
22 Technical occupations related to natural and applied sciences,22303 Construction estimators
22 Technical occupations related to natural and applied sciences,22310 Electrical and electronics engineering technologists and technicians
22 Technical occupations related to natural and applied sciences,22311 Electronic service technicians (household and business equipment)
22 Technical occupations related to natural and applied sciences,22312 Industrial instrument technicians and mechanics
22 Technical occupations related to natural and applied sciences,"22313 Aircraft instrument, electrical and avionics mechanics, technicians and inspectors"
30 Specialized middle management occupations in health care,30010 Managers in health care
31 Professional occupations in health,31100 Specialists in clinical and laboratory medicine
31 Professional occupations in health,31101 Specialists in surgery
31 Professional occupations in health,31102 General practitioners and family physicians
31 Professional occupations in health,31103 Veterinarians
31 Professional occupations in health,31110 Dentists
31 Professional occupations in health,31111 Optometrists
31 Professional occupations in health,31112 Audiologists and speech-language pathologists
31 Professional occupations in health,31120 Pharmacists
31 Professional occupations in health,31121 Dietitians and nutritionists
31 Professional occupations in health,31200 Psychologists
31 Professional occupations in health,31201 Chiropractors
31 Professional occupations in health,31202 Physiotherapists
31 Professional occupations in health,31203 Occupational therapists
31 Professional occupations in health,31204 Kinesiologists and other professional occupations in therapy and assessment
31 Professional occupations in health,31209 Other professional occupations in health diagnosing and treating
31 Professional occupations in health,31300 Nursing coordinators and supervisors
31 Professional occupations in health,31301 Registered nurses and registered psychiatric nurses
31 Professional occupations in health,31302 Nurse practitioners
31 Professional occupations in health,"31303 Physician assistants, midwives and allied health professionals"
32 Technical occupations in health,32100 Opticians
32 Technical occupations in health,32101 Licensed practical nurses
32 Technical occupations in health,32102 Paramedical occupations
32 Technical occupations in health,"32103 Respiratory therapists, clinical perfusionists and cardiopulmonary technologists"
32 Technical occupations in health,32104 Animal health technologists and veterinary technicians
32 Technical occupations in health,32109 Other technical occupations in therapy and assessment
32 Technical occupations in health,32110 Denturists
32 Technical occupations in health,32111 Dental hygienists and dental therapists
32 Technical occupations in health,32112 Dental technologists and technicians
32 Technical occupations in health,32120 Medical laboratory technologists
32 Technical occupations in health,32121 Medical radiation technologists
32 Technical occupations in health,32122 Medical sonographers
32 Technical occupations in health,32123 Cardiology technologists and electrophysiological diagnostic technologists
32 Technical occupations in health,32124 Pharmacy technicians
32 Technical occupations in health,32129 Other medical technologists and technicians
32 Technical occupations in health,32200 Traditional Chinese medicine practitioners and acupuncturists
32 Technical occupations in health,32201 Massage therapists
32 Technical occupations in health,32209 Other practitioners of natural healing
33 Assisting occupations in support of health services,33100 Dental assistants and dental laboratory assistants
33 Assisting occupations in support of health services,33101 Medical laboratory assistants and related technical occupations
33 Assisting occupations in support of health services,"33102 Nurse aides, orderlies and patient service associates"
33 Assisting occupations in support of health services,33103 Pharmacy technical assistants and pharmacy assistants
33 Assisting occupations in support of health services,33109 Other assisting occupations in support of health services
"40 Managers in public administration, in education and social and community services and in public protection services",40010 Government managers - health and social policy development and program administration
"40 Managers in public administration, in education and social and community services and in public protection services","40011 Government managers - economic analysis, policy development and program administration"
"40 Managers in public administration, in education and social and community services and in public protection services",40012 Government managers - education policy development and program administration
"40 Managers in public administration, in education and social and community services and in public protection services",40019 Other managers in public administration
"40 Managers in public administration, in education and social and community services and in public protection services",40020 Administrators - post-secondary education and vocational training
"40 Managers in public administration, in education and social and community services and in public protection services",40021 School principals and administrators of elementary and secondary education
"40 Managers in public administration, in education and social and community services and in public protection services","40030 Managers in social, community and correctional services"
"40 Managers in public administration, in education and social and community services and in public protection services",40040 Commissioned police officers and related occupations in public protection services
"40 Managers in public administration, in education and social and community services and in public protection services",40041 Fire chiefs and senior firefighting officers
"40 Managers in public administration, in education and social and community services and in public protection services",40042 Commissioned officers of the Canadian Armed Forces
"41 Professional occupations in law, education, social, community and government services",41100 Judges
"41 Professional occupations in law, education, social, community and government services",41101 Lawyers and Quebec notaries
"41 Professional occupations in law, education, social, community and government services",41200 University professors and lecturers
"41 Professional occupations in law, education, social, community and government services",41201 Post-secondary teaching and research assistants
"41 Professional occupations in law, education, social, community and government services",41210 College and other vocational instructors
"41 Professional occupations in law, education, social, community and government services",41220 Secondary school teachers
"41 Professional occupations in law, education, social, community and government services",41221 Elementary school and kindergarten teachers
"41 Professional occupations in law, education, social, community and government services",41300 Social workers
"41 Professional occupations in law, education, social, community and government services",41301 Therapists in counselling and related specialized therapies
"41 Professional occupations in law, education, social, community and government services",41302 Religious leaders
"41 Professional occupations in law, education, social, community and government services",41310 Police investigators and other investigative occupations
"41 Professional occupations in law, education, social, community and government services",41311 Probation and parole officers
"41 Professional occupations in law, education, social, community and government services",41320 Educational counsellors
"41 Professional occupations in law, education, social, community and government services",41321 Career development practitioners and career counsellors (except education)
"41 Professional occupations in law, education, social, community and government services","41400 Natural and applied science policy researchers, consultants and program officers"
"41 Professional occupations in law, education, social, community and government services",41401 Economists and economic policy researchers and analysts
"41 Professional occupations in law, education, social, community and government services",41402 Business development officers and market researchers and analysts
"41 Professional occupations in law, education, social, community and government services","41403 Social policy researchers, consultants and program officers"
"41 Professional occupations in law, education, social, community and government services","41404 Health policy researchers, consultants and program officers"
"41 Professional occupations in law, education, social, community and government services","41405 Education policy researchers, consultants and program officers"
"41 Professional occupations in law, education, social, community and government services","41406 Recreation, sports and fitness policy researchers, consultants and program officers"
"41 Professional occupations in law, education, social, community and government services",41407 Program officers unique to government
"41 Professional occupations in law, education, social, community and government services",41409 Other professional occupations in social science
"42 Front-line public protection services and paraprofessional occupations in legal, social, community, education services",42100 Police officers (except commissioned)
"42 Front-line public protection services and paraprofessional occupations in legal, social, community, education services",42101 Firefighters
"42 Front-line public protection services and paraprofessional occupations in legal, social, community, education services",42102 Specialized members of the Canadian Armed Forces
"42 Front-line public protection services and paraprofessional occupations in legal, social, community, education services",42200 Paralegals and related occupations
"42 Front-line public protection services and paraprofessional occupations in legal, social, community, education services",42201 Social and community service workers
"42 Front-line public protection services and paraprofessional occupations in legal, social, community, education services",42202 Early childhood educators and assistants
"42 Front-line public protection services and paraprofessional occupations in legal, social, community, education services",42203 Instructors of persons with disabilities
"42 Front-line public protection services and paraprofessional occupations in legal, social, community, education services",42204 Religion workers
43 Assisting occupations in education and in legal and public protection,43100 Elementary and secondary school teacher assistants
43 Assisting occupations in education and in legal and public protection,43109 Other instructors
43 Assisting occupations in education and in legal and public protection,43200 Sheriffs and bailiffs
43 Assisting occupations in education and in legal and public protection,43201 Correctional service officers
43 Assisting occupations in education and in legal and public protection,43202 By-law enforcement and other regulatory officers
43 Assisting occupations in education and in legal and public protection,"43203 Border services, customs, and immigration officers"
43 Assisting occupations in education and in legal and public protection,43204 Operations members of the Canadian Armed Forces
44 Care providers and legal and public protection support occupations,44100 Home child care providers
44 Care providers and legal and public protection support occupations,"44101 Home support workers, caregivers and related occupations"
44 Care providers and legal and public protection support occupations,44200 Primary combat members of the Canadian Armed Forces
"45 Student monitors, crossing guards and related occupations","45100 Student monitors, crossing guards and related occupations"
"50 Specialized middle management occupations in art, culture, recreation and sport","50010 Library, archive, museum and art gallery managers"
"50 Specialized middle management occupations in art, culture, recreation and sport","50011 Managers - publishing, motion pictures, broadcasting and performing arts"
"50 Specialized middle management occupations in art, culture, recreation and sport","50012 Recreation, sports and fitness program and service directors"
51 Professional occupations in art and culture,51100 Librarians
51 Professional occupations in art and culture,51101 Conservators and curators
51 Professional occupations in art and culture,51102 Archivists
51 Professional occupations in art and culture,51110 Editors
51 Professional occupations in art and culture,51111 Authors and writers (except technical)
51 Professional occupations in art and culture,51112 Technical writers
51 Professional occupations in art and culture,51113 Journalists
51 Professional occupations in art and culture,"51114 Translators, terminologists and interpreters"
51 Professional occupations in art and culture,"51120 Producers, directors, choreographers and related occupations"
51 Professional occupations in art and culture,"51121 Conductors, composers and arrangers"
51 Professional occupations in art and culture,51122 Musicians and singers
"52 Technical occupations in art, culture and sport",52100 Library and public archive technicians
"52 Technical occupations in art, culture and sport",52110 Film and video camera operators
"52 Technical occupations in art, culture and sport",52111 Graphic arts technicians
"52 Technical occupations in art, culture and sport",52112 Broadcast technicians
"52 Technical occupations in art, culture and sport",52113 Audio and video recording technicians
"52 Technical occupations in art, culture and sport",52114 Announcers and other broadcasters
"52 Technical occupations in art, culture and sport","52119 Other technical and coordinating occupations in motion pictures, broadcasting and the performing arts"
"52 Technical occupations in art, culture and sport",52120 Graphic designers and illustrators
"52 Technical occupations in art, culture and sport",52121 Interior designers and interior decorators
"53 Occupations in art, culture and sport","53100 Registrars, restorers, interpreters and other occupations related to museum and art galleries"
"53 Occupations in art, culture and sport",53110 Photographers
"53 Occupations in art, culture and sport","53111 Motion pictures, broadcasting, photography and performing arts assistants and operators"
"53 Occupations in art, culture and sport",53120 Dancers
"53 Occupations in art, culture and sport","53121 Actors, comedians and circus performers"
"53 Occupations in art, culture and sport","53122 Painters, sculptors and other visual artists"
"53 Occupations in art, culture and sport","53123 Theatre, fashion, exhibit and other creative designers"
"53 Occupations in art, culture and sport",53124 Artisans and craftspersons
"53 Occupations in art, culture and sport","53125 Patternmakers - textile, leather and fur products"
"53 Occupations in art, culture and sport",53200 Athletes
"53 Occupations in art, culture and sport",53201 Coaches
"53 Occupations in art, culture and sport",53202 Sports officials and referees
54 Support occupations in sport,"54100 Program leaders and instructors in recreation, sport and fitness"
55 Support occupations in art and culture,55109 Other performers
60 Middle management occupations in retail and wholesale trade and customer services,60010 Corporate sales managers
60 Middle management occupations in retail and wholesale trade and customer services,60020 Retail and wholesale trade managers
60 Middle management occupations in retail and wholesale trade and customer services,60030 Restaurant and food service managers
60 Middle management occupations in retail and wholesale trade and customer services,60031 Accommodation service managers
60 Middle management occupations in retail and wholesale trade and customer services,60040 Managers in customer and personal services
62 Retail sales and service supervisors and specialized occupations in sales and services,62010 Retail sales supervisors
62 Retail sales and service supervisors and specialized occupations in sales and services,62020 Food service supervisors
62 Retail sales and service supervisors and specialized occupations in sales and services,62021 Executive housekeepers
62 Retail sales and service supervisors and specialized occupations in sales and services,"62022 Accommodation, travel, tourism and related services supervisors"
62 Retail sales and service supervisors and specialized occupations in sales and services,62023 Customer and information services supervisors
62 Retail sales and service supervisors and specialized occupations in sales and services,62024 Cleaning supervisors
62 Retail sales and service supervisors and specialized occupations in sales and services,62029 Other services supervisors
62 Retail sales and service supervisors and specialized occupations in sales and services,62100 Technical sales specialists - wholesale trade
62 Retail sales and service supervisors and specialized occupations in sales and services,62101 Retail and wholesale buyers
62 Retail sales and service supervisors and specialized occupations in sales and services,62200 Chefs
62 Retail sales and service supervisors and specialized occupations in sales and services,62201 Funeral directors and embalmers
62 Retail sales and service supervisors and specialized occupations in sales and services,"62202 Jewellers, jewellery and watch repairers and related occupations"
63 Occupations in sales and services,63100 Insurance agents and brokers
63 Occupations in sales and services,63101 Real estate agents and salespersons
63 Occupations in sales and services,63102 Financial sales representatives
63 Occupations in sales and services,63200 Cooks
63 Occupations in sales and services,63201 Butchers - retail and wholesale
63 Occupations in sales and services,63202 Bakers
63 Occupations in sales and services,63210 Hairstylists and barbers
63 Occupations in sales and services,"63211 Estheticians, electrologists and related occupations"
63 Occupations in sales and services,63220 Shoe repairers and shoemakers
63 Occupations in sales and services,63221 Upholsterers
64 Sales and service representatives and other customer and personal services occupations,64100 Retail salespersons and visual merchandisers
64 Sales and service representatives and other customer and personal services occupations,64101 Sales and account representatives - wholesale trade (non-technical)
64 Sales and service representatives and other customer and personal services occupations,"64200 Tailors, dressmakers, furriers and milliners"
64 Sales and service representatives and other customer and personal services occupations,"64201 Image, social and other personal consultants"
64 Sales and service representatives and other customer and personal services occupations,64300 Maîtres d'hôtel and hosts/hostesses
64 Sales and service representatives and other customer and personal services occupations,64301 Bartenders
64 Sales and service representatives and other customer and personal services occupations,64310 Travel counsellors
64 Sales and service representatives and other customer and personal services occupations,64311 Pursers and flight attendants
64 Sales and service representatives and other customer and personal services occupations,64312 Airline ticket and service agents
64 Sales and service representatives and other customer and personal services occupations,"64313 Ground and water transport ticket agents, cargo service representatives and related clerks"
64 Sales and service representatives and other customer and personal services occupations,64314 Hotel front desk clerks
64 Sales and service representatives and other customer and personal services occupations,64320 Tour and travel guides
64 Sales and service representatives and other customer and personal services occupations,64321 Casino workers
64 Sales and service representatives and other customer and personal services occupations,64322 Outdoor sport and recreational guides
64 Sales and service representatives and other customer and personal services occupations,64400 Customer services representatives - financial institutions
64 Sales and service representatives and other customer and personal services occupations,64401 Postal services representatives
64 Sales and service representatives and other customer and personal services occupations,64409 Other customer and information services representatives
64 Sales and service representatives and other customer and personal services occupations,64410 Security guards and related security service occupations
65 Sales and service support occupations,65100 Cashiers
65 Sales and service support occupations,65101 Service station attendants
65 Sales and service support occupations,"65102 Store shelf stockers, clerks and order fillers"
65 Sales and service support occupations,65109 Other sales related occupations
65 Sales and service support occupations,65200 Food and beverage servers
65 Sales and service support occupations,"65201 Food counter attendants, kitchen helpers and related support occupations"
65 Sales and service support occupations,65202 Meat cutters and fishmongers - retail and wholesale
65 Sales and service support occupations,"65210 Support occupations in accommodation, travel and facilities set-up services"
65 Sales and service support occupations,"65211 Operators and attendants in amusement, recreation and sport"
65 Sales and service support occupations,65220 Pet groomers and animal care workers
65 Sales and service support occupations,65229 Other support occupations in personal services
65 Sales and service support occupations,65310 Light duty cleaners
65 Sales and service support occupations,65311 Specialized cleaners
65 Sales and service support occupations,"65312 Janitors, caretakers and heavy-duty cleaners"
65 Sales and service support occupations,"65320 Dry cleaning, laundry and related occupations"
65 Sales and service support occupations,65329 Other service support occupations
70 Middle management occupations in trades and transportation,70010 Construction managers
70 Middle management occupations in trades and transportation,70011 Home building and renovation managers
70 Middle management occupations in trades and transportation,70012 Facility operation and maintenance managers
70 Middle management occupations in trades and transportation,70020 Managers in transportation
70 Middle management occupations in trades and transportation,70021 Postal and courier services managers
72 Technical trades and transportation officers and controllers,"72010 Contractors and supervisors, machining, metal forming, shaping and erecting trades and related occupations"
72 Technical trades and transportation officers and controllers,"72011 Contractors and supervisors, electrical trades and telecommunications occupations"
72 Technical trades and transportation officers and controllers,"72012 Contractors and supervisors, pipefitting trades"
72 Technical trades and transportation officers and controllers,"72013 Contractors and supervisors, carpentry trades"
72 Technical trades and transportation officers and controllers,"72014 Contractors and supervisors, other construction trades, installers, repairers and servicers"
72 Technical trades and transportation officers and controllers,"72020 Contractors and supervisors, mechanic trades"
72 Technical trades and transportation officers and controllers,"72021 Contractors and supervisors, heavy equipment operator crews"
72 Technical trades and transportation officers and controllers,"72022 Supervisors, printing and related occupations"
72 Technical trades and transportation officers and controllers,"72023 Supervisors, railway transport operations"
72 Technical trades and transportation officers and controllers,"72024 Supervisors, motor transport and other ground transit operators"
72 Technical trades and transportation officers and controllers,"72025 Supervisors, mail and message distribution occupations"
72 Technical trades and transportation officers and controllers,72100 Machinists and machining and tooling inspectors
72 Technical trades and transportation officers and controllers,72101 Tool and die makers
72 Technical trades and transportation officers and controllers,72102 Sheet metal workers
72 Technical trades and transportation officers and controllers,72103 Boilermakers
72 Technical trades and transportation officers and controllers,72104 Structural metal and platework fabricators and fitters
72 Technical trades and transportation officers and controllers,72105 Ironworkers
72 Technical trades and transportation officers and controllers,72106 Welders and related machine operators
72 Technical trades and transportation officers and controllers,72200 Electricians (except industrial and power system)
72 Technical trades and transportation officers and controllers,72201 Industrial electricians
72 Technical trades and transportation officers and controllers,72202 Power system electricians
72 Technical trades and transportation officers and controllers,72203 Electrical power line and cable workers
72 Technical trades and transportation officers and controllers,72204 Telecommunications line and cable installers and repairers
72 Technical trades and transportation officers and controllers,72205 Telecommunications equipment installation and cable television service technicians
72 Technical trades and transportation officers and controllers,72300 Plumbers
72 Technical trades and transportation officers and controllers,"72301 Steamfitters, pipefitters and sprinkler system installers"
72 Technical trades and transportation officers and controllers,72302 Gas fitters
72 Technical trades and transportation officers and controllers,72310 Carpenters
72 Technical trades and transportation officers and controllers,72311 Cabinetmakers
72 Technical trades and transportation officers and controllers,72320 Bricklayers
72 Technical trades and transportation officers and controllers,72321 Insulators
72 Technical trades and transportation officers and controllers,72400 Construction millwrights and industrial mechanics
72 Technical trades and transportation officers and controllers,72401 Heavy-duty equipment mechanics
72 Technical trades and transportation officers and controllers,"72402 Heating, refrigeration and air conditioning mechanics"
72 Technical trades and transportation officers and controllers,72403 Railway carmen/women
72 Technical trades and transportation officers and controllers,72404 Aircraft mechanics and aircraft inspectors
72 Technical trades and transportation officers and controllers,72405 Machine fitters
72 Technical trades and transportation officers and controllers,72406 Elevator constructors and mechanics
72 Technical trades and transportation officers and controllers,"72410 Automotive service technicians, truck and bus mechanics and mechanical repairers"
72 Technical trades and transportation officers and controllers,"72411 Auto body collision, refinishing and glass technicians and damage repair estimators"
72 Technical trades and transportation officers and controllers,72420 Oil and solid fuel heating mechanics
72 Technical trades and transportation officers and controllers,72421 Appliance servicers and repairers
72 Technical trades and transportation officers and controllers,72422 Electrical mechanics
72 Technical trades and transportation officers and controllers,"72423 Motorcycle, all-terrain vehicle and other related mechanics"
72 Technical trades and transportation officers and controllers,72429 Other small engine and small equipment repairers
72 Technical trades and transportation officers and controllers,72500 Crane operators
72 Technical trades and transportation officers and controllers,72501 Water well drillers
72 Technical trades and transportation officers and controllers,"72600 Air pilots, flight engineers and flying instructors"
72 Technical trades and transportation officers and controllers,72601 Air traffic controllers and related occupations
72 Technical trades and transportation officers and controllers,"72602 Deck officers, water transport"
72 Technical trades and transportation officers and controllers,"72603 Engineer officers, water transport"
72 Technical trades and transportation officers and controllers,72604 Railway traffic controllers and marine traffic regulators
72 Technical trades and transportation officers and controllers,72999 Other technical trades and related occupations
73 General trades,73100 Concrete finishers
73 General trades,73101 Tilesetters
73 General trades,"73102 Plasterers, drywall installers and finishers and lathers"
73 General trades,73110 Roofers and shinglers
73 General trades,73111 Glaziers
73 General trades,73112 Painters and decorators (except interior decorators)
73 General trades,73113 Floor covering installers
73 General trades,73200 Residential and commercial installers and servicers
73 General trades,73201 General building maintenance workers and building superintendents
73 General trades,73202 Pest controllers and fumigators
73 General trades,73209 Other repairers and servicers
73 General trades,73300 Transport truck drivers
73 General trades,"73301 Bus drivers, subway operators and other transit operators"
73 General trades,73310 Railway and yard locomotive engineers
73 General trades,73311 Railway conductors and brakemen/women
73 General trades,73400 Heavy equipment operators
73 General trades,73401 Printing press operators
73 General trades,"73402 Drillers and blasters - surface mining, quarrying and construction"
"74 Mail and message distribution, other transport equipment operators and related maintenance workers",74100 Mail and parcel sorters and related occupations
"74 Mail and message distribution, other transport equipment operators and related maintenance workers",74101 Letter carriers
"74 Mail and message distribution, other transport equipment operators and related maintenance workers",74102 Couriers and messengers
"74 Mail and message distribution, other transport equipment operators and related maintenance workers",74200 Railway yard and track maintenance workers
"74 Mail and message distribution, other transport equipment operators and related maintenance workers",74201 Water transport deck and engine room crew
"74 Mail and message distribution, other transport equipment operators and related maintenance workers",74202 Air transport ramp attendants
"74 Mail and message distribution, other transport equipment operators and related maintenance workers",74203 Automotive and heavy truck and equipment parts installers and servicers
"74 Mail and message distribution, other transport equipment operators and related maintenance workers",74204 Utility maintenance workers
"74 Mail and message distribution, other transport equipment operators and related maintenance workers",74205 Public works maintenance equipment operators and related workers
"75 Helpers and labourers and other transport drivers, operators and labourers",75100 Longshore workers
"75 Helpers and labourers and other transport drivers, operators and labourers",75101 Material handlers
"75 Helpers and labourers and other transport drivers, operators and labourers",75110 Construction trades helpers and labourers
"75 Helpers and labourers and other transport drivers, operators and labourers",75119 Other trades helpers and labourers
"75 Helpers and labourers and other transport drivers, operators and labourers",75200 Taxi and limousine drivers and chauffeurs
"75 Helpers and labourers and other transport drivers, operators and labourers",75201 Delivery service drivers and door-to-door distributors
"75 Helpers and labourers and other transport drivers, operators and labourers",75210 Boat and cable ferry operators and related occupations
"75 Helpers and labourers and other transport drivers, operators and labourers",75211 Railway and motor transport labourers
"75 Helpers and labourers and other transport drivers, operators and labourers",75212 Public works and maintenance labourers
80 Middle management occupations in production and agriculture,80010 Managers in natural resources production and fishing
80 Middle management occupations in production and agriculture,80020 Managers in agriculture
80 Middle management occupations in production and agriculture,80021 Managers in horticulture
80 Middle management occupations in production and agriculture,80022 Managers in aquaculture
"82 Supervisors in natural resources, agriculture and related production","82010 Supervisors, logging and forestry"
"82 Supervisors in natural resources, agriculture and related production","82020 Supervisors, mining and quarrying"
"82 Supervisors in natural resources, agriculture and related production","82021 Contractors and supervisors, oil and gas drilling and services"
"82 Supervisors in natural resources, agriculture and related production",82030 Agricultural service contractors and farm supervisors
"82 Supervisors in natural resources, agriculture and related production","82031 Contractors and supervisors, landscaping, grounds maintenance and horticulture services"
83 Occupations in natural resources and related production,83100 Underground production and development miners
83 Occupations in natural resources and related production,"83101 Oil and gas well drillers, servicers, testers and related workers"
83 Occupations in natural resources and related production,83110 Logging machinery operators
83 Occupations in natural resources and related production,83120 Fishing masters and officers
83 Occupations in natural resources and related production,83121 Fishermen/women
"84 Workers in natural resources, agriculture and related production",84100 Underground mine service and support workers
"84 Workers in natural resources, agriculture and related production",84101 Oil and gas well drilling and related workers and services operators
"84 Workers in natural resources, agriculture and related production",84110 Chain saw and skidder operators
"84 Workers in natural resources, agriculture and related production",84111 Silviculture and forestry workers
"84 Workers in natural resources, agriculture and related production",84120 Specialized livestock workers and farm machinery operators
"84 Workers in natural resources, agriculture and related production",84121 Fishing vessel deckhands
"85 Harvesting, landscaping and natural resources labourers",85100 Livestock labourers
"85 Harvesting, landscaping and natural resources labourers",85101 Harvesting labourers
"85 Harvesting, landscaping and natural resources labourers",85102 Aquaculture and marine harvest labourers
"85 Harvesting, landscaping and natural resources labourers",85103 Nursery and greenhouse labourers
"85 Harvesting, landscaping and natural resources labourers",85104 Trappers and hunters
"85 Harvesting, landscaping and natural resources labourers",85110 Mine labourers
"85 Harvesting, landscaping and natural resources labourers","85111 Oil and gas drilling, servicing and related labourers"
"85 Harvesting, landscaping and natural resources labourers",85120 Logging and forestry labourers
"85 Harvesting, landscaping and natural resources labourers",85121 Landscaping and grounds maintenance labourers
90 Middle management occupations in manufacturing and utilities,90010 Manufacturing managers
90 Middle management occupations in manufacturing and utilities,90011 Utilities managers
"92 Processing, manufacturing and utilities supervisors and utilities operators and controllers","92010 Supervisors, mineral and metal processing"
"92 Processing, manufacturing and utilities supervisors and utilities operators and controllers","92011 Supervisors, petroleum, gas and chemical processing and utilities"
"92 Processing, manufacturing and utilities supervisors and utilities operators and controllers","92012 Supervisors, food and beverage processing"
"92 Processing, manufacturing and utilities supervisors and utilities operators and controllers","92013 Supervisors, plastic and rubber products manufacturing"
"92 Processing, manufacturing and utilities supervisors and utilities operators and controllers","92014 Supervisors, forest products processing"
"92 Processing, manufacturing and utilities supervisors and utilities operators and controllers","92015 Supervisors, textile, fabric, fur and leather products processing and manufacturing"
"92 Processing, manufacturing and utilities supervisors and utilities operators and controllers","92020 Supervisors, motor vehicle assembling"
"92 Processing, manufacturing and utilities supervisors and utilities operators and controllers","92021 Supervisors, electronics and electrical products manufacturing"
"92 Processing, manufacturing and utilities supervisors and utilities operators and controllers","92022 Supervisors, furniture and fixtures manufacturing"
"92 Processing, manufacturing and utilities supervisors and utilities operators and controllers","92023 Supervisors, other mechanical and metal products manufacturing"
"92 Processing, manufacturing and utilities supervisors and utilities operators and controllers","92024 Supervisors, other products manufacturing and assembly"
"92 Processing, manufacturing and utilities supervisors and utilities operators and controllers",92100 Power engineers and power systems operators
"92 Processing, manufacturing and utilities supervisors and utilities operators and controllers",92101 Water and waste treatment plant operators
93 Central control and process operators and aircraft assembly assemblers and inspectors,"93100 Central control and process operators, mineral and metal processing"
93 Central control and process operators and aircraft assembly assemblers and inspectors,"93101 Central control and process operators, petroleum, gas and chemical processing"
93 Central control and process operators and aircraft assembly assemblers and inspectors,"93102 Pulping, papermaking and coating control operators"
93 Central control and process operators and aircraft assembly assemblers and inspectors,93200 Aircraft assemblers and aircraft assembly inspectors
"94 Machine operators, assemblers and inspectors in processing, manufacturing and printing","94100 Machine operators, mineral and metal processing"
"94 Machine operators, assemblers and inspectors in processing, manufacturing and printing",94101 Foundry workers
"94 Machine operators, assemblers and inspectors in processing, manufacturing and printing",94102 Glass forming and finishing machine operators and glass cutters
"94 Machine operators, assemblers and inspectors in processing, manufacturing and printing","94103 Concrete, clay and stone forming operators"
"94 Machine operators, assemblers and inspectors in processing, manufacturing and printing","94104 Inspectors and testers, mineral and metal processing"
"94 Machine operators, assemblers and inspectors in processing, manufacturing and printing",94105 Metalworking and forging machine operators
"94 Machine operators, assemblers and inspectors in processing, manufacturing and printing",94106 Machining tool operators
"94 Machine operators, assemblers and inspectors in processing, manufacturing and printing",94107 Machine operators of other metal products
"94 Machine operators, assemblers and inspectors in processing, manufacturing and printing",94110 Chemical plant machine operators
"94 Machine operators, assemblers and inspectors in processing, manufacturing and printing",94111 Plastics processing machine operators
"94 Machine operators, assemblers and inspectors in processing, manufacturing and printing",94112 Rubber processing machine operators and related workers
"94 Machine operators, assemblers and inspectors in processing, manufacturing and printing",94120 Sawmill machine operators
"94 Machine operators, assemblers and inspectors in processing, manufacturing and printing","94121 Pulp mill, papermaking and finishing machine operators"
"94 Machine operators, assemblers and inspectors in processing, manufacturing and printing",94122 Paper converting machine operators
"94 Machine operators, assemblers and inspectors in processing, manufacturing and printing",94123 Lumber graders and other wood processing inspectors and graders
"94 Machine operators, assemblers and inspectors in processing, manufacturing and printing",94124 Woodworking machine operators
"94 Machine operators, assemblers and inspectors in processing, manufacturing and printing",94129 Other wood processing machine operators
"94 Machine operators, assemblers and inspectors in processing, manufacturing and printing","94130 Textile fibre and yarn, hide and pelt processing machine operators and workers"
"94 Machine operators, assemblers and inspectors in processing, manufacturing and printing","94131 Weavers, knitters and other fabric making occupations"
"94 Machine operators, assemblers and inspectors in processing, manufacturing and printing",94132 Industrial sewing machine operators
"94 Machine operators, assemblers and inspectors in processing, manufacturing and printing","94133 Inspectors and graders, textile, fabric, fur and leather products manufacturing"
"94 Machine operators, assemblers and inspectors in processing, manufacturing and printing","94140 Process control and machine operators, food and beverage processing"
"94 Machine operators, assemblers and inspectors in processing, manufacturing and printing","94141 Industrial butchers and meat cutters, poultry preparers and related workers"
"94 Machine operators, assemblers and inspectors in processing, manufacturing and printing",94142 Fish and seafood plant workers
"94 Machine operators, assemblers and inspectors in processing, manufacturing and printing","94143 Testers and graders, food and beverage processing"
"94 Machine operators, assemblers and inspectors in processing, manufacturing and printing",94150 Plateless printing equipment operators
"94 Machine operators, assemblers and inspectors in processing, manufacturing and printing","94151 Camera, platemaking and other prepress occupations"
"94 Machine operators, assemblers and inspectors in processing, manufacturing and printing",94152 Binding and finishing machine operators
"94 Machine operators, assemblers and inspectors in processing, manufacturing and printing",94153 Photographic and film processors
"94 Machine operators, assemblers and inspectors in processing, manufacturing and printing","94200 Motor vehicle assemblers, inspectors and testers"
"94 Machine operators, assemblers and inspectors in processing, manufacturing and printing","94201 Electronics assemblers, fabricators, inspectors and testers"
"94 Machine operators, assemblers and inspectors in processing, manufacturing and printing","94202 Assemblers and inspectors, electrical appliance, apparatus and equipment manufacturing"
"94 Machine operators, assemblers and inspectors in processing, manufacturing and printing","94203 Assemblers, fabricators and inspectors, industrial electrical motors and transformers"
"94 Machine operators, assemblers and inspectors in processing, manufacturing and printing",94204 Mechanical assemblers and inspectors
"94 Machine operators, assemblers and inspectors in processing, manufacturing and printing","94205 Machine operators and inspectors, electrical apparatus manufacturing"
"94 Machine operators, assemblers and inspectors in processing, manufacturing and printing","94210 Furniture and fixture assemblers, finishers, refinishers and inspectors"
"94 Machine operators, assemblers and inspectors in processing, manufacturing and printing",94211 Assemblers and inspectors of other wood products
"94 Machine operators, assemblers and inspectors in processing, manufacturing and printing","94212 Plastic products assemblers, finishers and inspectors"
"94 Machine operators, assemblers and inspectors in processing, manufacturing and printing","94213 Industrial painters, coaters and metal finishing process operators"
"94 Machine operators, assemblers and inspectors in processing, manufacturing and printing","94219 Other products assemblers, finishers and inspectors"
"95 Labourers in processing, manufacturing and utilities",95100 Labourers in mineral and metal processing
"95 Labourers in processing, manufacturing and utilities",95101 Labourers in metal fabrication
"95 Labourers in processing, manufacturing and utilities",95102 Labourers in chemical products processing and utilities
"95 Labourers in processing, manufacturing and utilities","95103 Labourers in wood, pulp and paper processing"
"95 Labourers in processing, manufacturing and utilities",95104 Labourers in rubber and plastic products manufacturing
"95 Labourers in processing, manufacturing and utilities",95105 Labourers in textile processing and cutting
"95 Labourers in processing, manufacturing and utilities",95106 Labourers in food and beverage processing
"95 Labourers in processing, manufacturing and utilities",95107 Labourers in fish and seafood processing
"95 Labourers in processing, manufacturing and utilities","95109 Other labourers in processing, manufacturing and utilities"
