"occupation","employment","median.income","mean.income","geography"
"0 Legislative and senior management occupations",238535,104000,168000,"Canada"
"00 Legislative and senior managers",238535,104000,168000,"Canada"
"000 Legislative and senior managers",238535,104000,168000,"Canada"
"0001 Legislative and senior managers",238535,104000,168000,"Canada"
"00010 Legislators",8425,57600,72200,"Canada"
"00018 Seniors managers - public and private sector",230115,106000,171400,"Canada"
"1 Business, finance and administration occupations",3244905,50000,62750,"Canada"
"10 Specialized middle management occupations in administrative services, financial and business services and communication (except broadcasting)",424520,87000,106400,"Canada"
"100 Specialized middle management occupations in administrative services, financial and business services and communication (except broadcasting)",424520,87000,106400,"Canada"
"1001 Administrative services managers",197665,89000,105400,"Canada"
"10010 Financial managers",74540,93000,113400,"Canada"
"10011 Human resources managers",50390,92000,102000,"Canada"
"10012 Purchasing managers",26670,93000,102500,"Canada"
"10019 Other administrative services managers",46060,74000,97700,"Canada"
"1002 Managers in financial and business services",216415,84000,107600,"Canada"
"10020 Insurance, real estate and financial brokerage managers",33185,97000,135600,"Canada"
"10021 Banking, credit and other investment managers",74105,94000,125600,"Canada"
"10022 Advertising, marketing and public relations managers",88440,75000,88100,"Canada"
"10029 Other business services managers",20685,65500,81200,"Canada"
"1003 Managers in communication (except broadcasting)",10445,93000,101700,"Canada"
"10030 Telecommunication carriers managers",10445,93000,101700,"Canada"
"11 Professional occupations in finance and business",724510,66000,87500,"Canada"
"111 Professional occupations in finance",390625,69000,99800,"Canada"
"1110 Auditors, accountants and investment professionals",390625,69000,99800,"Canada"
"11100 Financial auditors and accountants",197825,69000,86700,"Canada"
"11101 Financial and investment analysts",57330,79000,137200,"Canada"
"11102 Financial advisors",94315,66500,105700,"Canada"
"11103 Securities agents, investment dealers and brokers",12620,63200,139000,"Canada"
"11109 Other financial officers",28535,61600,78700,"Canada"
"112 Professional occupations in business",333885,62800,73100,"Canada"
"1120 Human resources and business service professionals",333885,62800,73100,"Canada"
"11200 Human resources professionals",94885,71500,79200,"Canada"
"11201 Professional occupations in business management consulting",97645,72000,87000,"Canada"
"11202 Professional occupations in advertising, marketing and public relations",141355,50800,59300,"Canada"
"12 Administrative and financial supervisors and specialized administrative occupations",479510,53200,56450,"Canada"
"120 Administrative and financial supervisors",66695,59600,63550,"Canada"
"1201 Administrative and financial supervisors",66695,59600,63550,"Canada"
"12010 Supervisors, general office and administrative support workers",18390,61600,65700,"Canada"
"12011 Supervisors, finance and insurance office workers",17550,64000,67500,"Canada"
"12012 Supervisors, library, correspondence and related information workers",2535,46000,48000,"Canada"
"12013 Supervisors, supply chain, tracking and scheduling coordination occupations",28215,56400,61100,"Canada"
"121 Specialized administrative occupations",214445,57600,61100,"Canada"
"1210 Administrative and regulatory occupations",191125,58800,63000,"Canada"
"12100 Executive assistants",48125,61200,67600,"Canada"
"12101 Human resources and recruitment officers",39830,55200,61350,"Canada"
"12102 Procurement and purchasing agents and officers",49755,64000,71500,"Canada"
"12103 Conference and event planners",21060,36800,40680,"Canada"
"12104 Employment insurance and revenue officers",32360,59200,59700,"Canada"
"1211 Court reporters, transcriptionists, records management technicians and statistical officers",23320,45200,45200,"Canada"
"12110 Court reporters, medical transcriptionists and related occupations",9085,25200,29600,"Canada"
"12111 Health information management occupations",6245,58000,57600,"Canada"
"12112 Records management technicians",2845,53200,55450,"Canada"
"12113 Statistical officers and related research support occupations",5145,51200,51950,"Canada"
"122 Accounting, insurance and related business administrative occupations",198365,44800,49000,"Canada"
"1220 Accounting, insurance and related business administrative occupations",198365,44800,49000,"Canada"
"12200 Accounting technicians and bookkeepers",135850,35600,40160,"Canada"
"12201 Insurance adjusters and claims examiners",30730,64500,66100,"Canada"
"12202 Insurance underwriters",16835,67000,73600,"Canada"
"12203 Assessors, business valuators and appraisers",14950,58400,66700,"Canada"
"13 Administrative occupations and transportation logistics occupations",746840,44000,45760,"Canada"
"131 Administrative occupations",693150,43200,45000,"Canada"
"1310 Administrative, property and payroll officers",351925,47600,50560,"Canada"
"13100 Administrative officers",272280,46800,49880,"Canada"
"13101 Property administrators",39720,44000,51250,"Canada"
"13102 Payroll administrators",39925,54400,54550,"Canada"
"1311 Office administrative assistants - general, legal and medical",341225,39200,39280,"Canada"
"13110 Administrative assistants",264150,38800,38440,"Canada"
"13111 Legal administrative assistants",43425,46400,46200,"Canada"
"13112 Medical administrative assistants",33655,37200,36720,"Canada"
"132 Transportation and production logistics coordinators and customs brokers and related broker occupations",53690,51200,55800,"Canada"
"1320 Transportation and production logistics coordinators and customs brokers and related broker occupations",53690,51200,55800,"Canada"
"13200 Customs, ship and other brokers",4850,48000,55700,"Canada"
"13201 Production and transportation logistics coordinators",48835,51600,55850,"Canada"
"14 Administrative and financial support and supply chain logistics occupations",869530,36800,38920,"Canada"
"141 Office, court, and data support occupations",395570,30400,33120,"Canada"
"1410 Office support and court services occupations",342040,30400,33080,"Canada"
"14100 General office support workers",177980,36800,37400,"Canada"
"14101 Receptionists",147475,23000,25960,"Canada"
"14102 Personnel clerks",11475,48400,48960,"Canada"
"14103 Court clerks and related court services occupations",5105,53600,53450,"Canada"
"1411 Survey, statistical and data entry occupations",53535,29800,33160,"Canada"
"14110 Survey interviewers and statistical clerks",11940,17400,28640,"Canada"
"14111 Data entry clerks",40820,32800,34160,"Canada"
"14112 Desktop publishing operators and related occupations",770,49600,50100,"Canada"
"142 Financial, insurance and related administrative support workers",198095,43200,45840,"Canada"
"1420 Financial, insurance and related administrative support workers",198095,43200,45840,"Canada"
"14200 Accounting and related clerks",166545,42800,45360,"Canada"
"14201 Banking, insurance and other financial clerks",19150,47600,51200,"Canada"
"14202 Collection clerks",12400,44800,44320,"Canada"
"143 Library, correspondence and other clerks",33475,37600,39720,"Canada"
"1430 Library, correspondence and other clerks",33475,37600,39720,"Canada"
"14300 Library assistants and clerks",14120,21600,25880,"Canada"
"14301 Correspondence, publication and regulatory clerks",19355,48800,49800,"Canada"
"144 Supply chain logistics, tracking and scheduling coordination occupations",242385,40000,42600,"Canada"
"1440 Supply chain logistics, tracking and scheduling coordination occupations",242385,40000,42600,"Canada"
"14400 Shippers and receivers",119965,35600,36800,"Canada"
"14401 Storekeepers and partspersons",44390,43600,46280,"Canada"
"14402 Production logistics workers",8700,49200,53250,"Canada"
"14403 Purchasing and inventory control workers",35085,40400,41760,"Canada"
"14404 Dispatchers",30305,52800,56150,"Canada"
"14405 Transportation route and crew schedulers",3950,54000,57400,"Canada"
"2 Natural and applied sciences and related occupations",1541595,75000,83300,"Canada"
"20 Specialized middle management occupations in engineering, architecture, science and information systems",128520,112000,129600,"Canada"
"200 Specialized middle management occupations in engineering, architecture, science and information systems",128520,112000,129600,"Canada"
"2001 Managers in engineering, architecture, science and information systems",128520,112000,129600,"Canada"
"20010 Engineering managers",31400,120000,138000,"Canada"
"20011 Architecture and science managers",14890,1e+05,112100,"Canada"
"20012 Computer and information systems managers",82235,112000,129400,"Canada"
"21 Professional occupations in natural and applied sciences",888575,81000,88800,"Canada"
"211 Professional occupations in natural sciences",98400,71500,77900,"Canada"
"2110 Physical science professionals",31315,73000,86900,"Canada"
"21100 Physicists and astronomers",2620,97000,107800,"Canada"
"21101 Chemists",16325,65000,70800,"Canada"
"21102 Geoscientists and oceanographers",10880,84000,106300,"Canada"
"21103 Meteorologists and climatologists",915,1e+05,91000,"Canada"
"21109 Other professional occupations in physical sciences",575,72000,77200,"Canada"
"2111 Life science professionals",47075,69000,73600,"Canada"
"21110 Biologists and related scientists",34980,69500,75500,"Canada"
"21111 Forestry professionals",5165,75000,74700,"Canada"
"21112 Agricultural representatives, consultants and specialists",6930,61200,63350,"Canada"
"2112 Public and environmental health and safety professionals",20010,74000,73800,"Canada"
"21120 Public and environmental health and safety professionals",20010,74000,73800,"Canada"
"212 Professional occupations in applied sciences (except engineering)",547400,80000,85300,"Canada"
"2120 Architects, urban planners and land surveyors",47525,73500,79800,"Canada"
"21200 Architects",18800,70500,82800,"Canada"
"21201 Landscape architects",2030,64000,68100,"Canada"
"21202 Urban and land use planners",19490,78500,82000,"Canada"
"21203 Land surveyors",7210,67000,69300,"Canada"
"2121 Mathematicians, statisticians, actuaries and data scientists",27360,86000,98700,"Canada"
"21210 Mathematicians, statisticians and actuaries",13205,89000,107000,"Canada"
"21211 Data scientists",14155,84000,91000,"Canada"
"2122 Computer and information systems professionals",200815,82000,83600,"Canada"
"21220 Cybersecurity specialists",14095,92000,97100,"Canada"
"21221 Business systems specialists",30310,79500,79400,"Canada"
"21222 Information systems specialists",131890,83000,84600,"Canada"
"21223 Database analysts and data administrators",24525,73000,75400,"Canada"
"2123 Computer, software and Web designers and developers",271695,78500,86300,"Canada"
"21230 Computer systems developers and programmers",41000,74000,78000,"Canada"
"21231 Software engineers and designers",82890,95000,108300,"Canada"
"21232 Software developers and programmers",87015,81000,87800,"Canada"
"21233 Web designers",10825,34800,43200,"Canada"
"21234 Web developers and programmers",49965,59200,63000,"Canada"
"213 Professional occupations in engineering",242780,90000,100900,"Canada"
"2130 Civil and mechanical engineers",119620,85000,96000,"Canada"
"21300 Civil engineers",64670,86000,96300,"Canada"
"21301 Mechanical engineers",54950,84000,95700,"Canada"
"2131 Electrical, electronics and computer engineers",69390,97000,106100,"Canada"
"21310 Electrical and electronics engineers",44580,95000,103100,"Canada"
"21311 Computer engineers (except software engineers and designers)",24805,1e+05,111400,"Canada"
"2132 Manufacturing and processing engineers",30050,83000,95600,"Canada"
"21320 Chemical engineers",11310,90000,106900,"Canada"
"21321 Industrial and manufacturing engineers",16115,78000,86100,"Canada"
"21322 Metallurgical and materials engineers",2630,98000,105800,"Canada"
"2133 Natural resources engineers",12160,114000,141400,"Canada"
"21330 Mining engineers",3320,116000,151200,"Canada"
"21331 Geological engineers",3655,93000,110400,"Canada"
"21332 Petroleum engineers",5185,134000,157200,"Canada"
"2139 Other engineers",11555,90000,91200,"Canada"
"21390 Aerospace engineers",5505,94000,94900,"Canada"
"21399 Other professional engineers",6050,86000,87900,"Canada"
"22 Technical occupations related to natural and applied sciences",524500,59200,62850,"Canada"
"221 Technical occupations related to natural sciences",68470,47600,52700,"Canada"
"2210 Technical occupations in physical sciences",20305,60400,69600,"Canada"
"22100 Chemical technologists and technicians",12555,56800,61250,"Canada"
"22101 Geological and mineral technologists and technicians",7750,72500,83200,"Canada"
"2211 Technical occupations in life sciences",48165,42000,45600,"Canada"
"22110 Biological technologists and technicians",10285,46000,47560,"Canada"
"22111 Agricultural and fish products inspectors",3550,61200,59850,"Canada"
"22112 Forestry technologists and technicians",6685,53600,53850,"Canada"
"22113 Conservation and fishery officers",3715,64000,59000,"Canada"
"22114 Landscape and horticulture technicians and specialists",23925,31800,38240,"Canada"
"222 Technical occupations related to applied sciences (except engineering)",250145,60000,62950,"Canada"
"2221 Technical occupations in architecture, drafting, surveying, geomatics and meteorology",63430,53200,56100,"Canada"
"22210 Architectural technologists and technicians",13475,50400,53650,"Canada"
"22211 Industrial designers",10225,54000,60550,"Canada"
"22212 Drafting technologists and technicians",27445,50800,53000,"Canada"
"22213 Land survey technologists and technicians",3300,50400,53550,"Canada"
"22214 Technical occupations in geomatics and meteorology",8985,65500,65200,"Canada"
"2222 Technical occupations in computer and information systems",137640,60400,62300,"Canada"
"22220 Computer network and web technicians",66285,66500,67600,"Canada"
"22221 User support technicians",61155,54400,57500,"Canada"
"22222 Information systems testing technicians",10200,51200,56600,"Canada"
"2223 Technical inspectors and regulatory officers",49080,71000,73600,"Canada"
"22230 Non-destructive testers and inspectors",6635,74500,79900,"Canada"
"22231 Engineering inspectors and regulatory officers",7195,82000,85900,"Canada"
"22232 Occupational health and safety specialists",19625,70500,72400,"Canada"
"22233 Construction inspectors",15620,65500,66800,"Canada"
"223 Technical occupations related to engineering",205885,62000,66100,"Canada"
"2230 Technical occupations in civil, mechanical and industrial engineering",96835,65000,68700,"Canada"
"22300 Civil engineering technologists and technicians",22425,62400,63500,"Canada"
"22301 Mechanical engineering technologists and technicians",31250,70000,73500,"Canada"
"22302 Industrial engineering and manufacturing technologists and technicians",16900,59200,62750,"Canada"
"22303 Construction estimators",26260,65500,71300,"Canada"
"2231 Technical occupations in electronics and electrical engineering",109045,59200,63750,"Canada"
"22310 Electrical and electronics engineering technologists and technicians",44475,67500,70700,"Canada"
"22311 Electronic service technicians (household and business equipment)",49920,48400,50000,"Canada"
"22312 Industrial instrument technicians and mechanics",9080,92000,98000,"Canada"
"22313 Aircraft instrument, electrical and avionics mechanics, technicians and inspectors",5570,76000,75500,"Canada"
"3 Health occupations",1463265,52000,62650,"Canada"
"30 Specialized middle management occupations in health care",37340,95000,97200,"Canada"
"300 Specialized middle management occupations in health care",37340,95000,97200,"Canada"
"3001 Managers in health care",37340,95000,97200,"Canada"
"30010 Managers in health care",37340,95000,97200,"Canada"
"31 Professional occupations in health",635905,79000,86600,"Canada"
"311 Health treating and consultation services professionals",199280,94000,119400,"Canada"
"3110 Physicians and veterinarians",107780,120000,148400,"Canada"
"31100 Specialists in clinical and laboratory medicine",32985,146000,172400,"Canada"
"31101 Specialists in surgery",9610,149000,182400,"Canada"
"31102 General practitioners and family physicians",54325,118000,139400,"Canada"
"31103 Veterinarians",10865,85000,90200,"Canada"
"3111 Dentists, optometrists and audiologists",38400,77500,87300,"Canada"
"31110 Dentists",19905,87000,101400,"Canada"
"31111 Optometrists",6055,79500,84300,"Canada"
"31112 Audiologists and speech-language pathologists",12445,70000,66300,"Canada"
"3112 Pharmacists and dietitians",53095,86000,83900,"Canada"
"31120 Pharmacists",41945,96000,90600,"Canada"
"31121 Dietitians and nutritionists",11150,62800,58400,"Canada"
"312 Therapy and assessment professionals",88465,60800,61950,"Canada"
"3120 Therapy and assessment professionals",88465,60800,61950,"Canada"
"31200 Psychologists",18900,77000,77200,"Canada"
"31201 Chiropractors",8305,48800,58550,"Canada"
"31202 Physiotherapists",26185,64000,61900,"Canada"
"31203 Occupational therapists",17615,72500,67500,"Canada"
"31204 Kinesiologists and other professional occupations in therapy and assessment",10660,36400,40120,"Canada"
"31209 Other professional occupations in health diagnosing and treating",6805,31000,43560,"Canada"
"313 Nursing and allied health professionals",348155,77500,74000,"Canada"
"3130 Nursing and allied health professionals",348155,77500,74000,"Canada"
"31300 Nursing coordinators and supervisors",14520,84000,80700,"Canada"
"31301 Registered nurses and registered psychiatric nurses",324220,76500,73200,"Canada"
"31302 Nurse practitioners",6505,109000,101000,"Canada"
"31303 Physician assistants, midwives and allied health professionals",2910,72000,66700,"Canada"
"32 Technical occupations in health",329275,48000,49960,"Canada"
"321 Technical occupations in health (except practitioners of natural healing)",282510,53200,54400,"Canada"
"3210 Technical occupations in therapy and assessment",165710,53600,54850,"Canada"
"32100 Opticians",9555,42000,44360,"Canada"
"32101 Licensed practical nurses",73385,55600,52600,"Canada"
"32102 Paramedical occupations",30340,81000,78900,"Canada"
"32103 Respiratory therapists, clinical perfusionists and cardiopulmonary technologists",13265,77500,75100,"Canada"
"32104 Animal health technologists and veterinary technicians",21220,32800,33480,"Canada"
"32109 Other technical occupations in therapy and assessment",17945,38000,39280,"Canada"
"3211 Technical occupations in dental health care",35240,42800,44720,"Canada"
"32110 Denturists",2365,38000,51900,"Canada"
"32111 Dental hygienists and dental therapists",27930,44400,44960,"Canada"
"32112 Dental technologists and technicians",4945,36000,39880,"Canada"
"3212 Medical technologists and technicians",81560,58400,57700,"Canada"
"32120 Medical laboratory technologists",20180,72000,68600,"Canada"
"32121 Medical radiation technologists",20035,71500,68600,"Canada"
"32122 Medical sonographers",6650,70000,65300,"Canada"
"32123 Cardiology technologists and electrophysiological diagnostic technologists",3135,56400,55350,"Canada"
"32124 Pharmacy technicians",26560,39600,41000,"Canada"
"32129 Other medical technologists and technicians",5005,48400,50240,"Canada"
"322 Practitioners of natural healing",46770,17600,23100,"Canada"
"3220 Practitioners of natural healing",46770,17600,23100,"Canada"
"32200 Traditional Chinese medicine practitioners and acupuncturists",4295,17000,24760,"Canada"
"32201 Massage therapists",37720,18800,23600,"Canada"
"32209 Other practitioners of natural healing",4750,8200,17700,"Canada"
"33 Assisting occupations in support of health services",460750,34800,35840,"Canada"
"331 Assisting occupations in support of health services",460750,34800,35840,"Canada"
"3310 Assisting occupations in support of health services",460750,34800,35840,"Canada"
"33100 Dental assistants and dental laboratory assistants",36555,30600,31400,"Canada"
"33101 Medical laboratory assistants and related technical occupations",20025,44800,43920,"Canada"
"33102 Nurse aides, orderlies and patient service associates",337655,36000,36520,"Canada"
"33103 Pharmacy technical assistants and pharmacy assistants",30980,28800,29240,"Canada"
"33109 Other assisting occupations in support of health services",35540,30200,35280,"Canada"
"4 Occupations in education, law and social, community and government services",2302980,54400,62600,"Canada"
"40 Managers in public administration, in education and social and community services and in public protection services",133680,95000,93400,"Canada"
"400 Managers in public administration, in education and social and community services and in public protection services",133680,95000,93400,"Canada"
"4001 Managers in public administration",26840,105000,108500,"Canada"
"40010 Government managers - health and social policy development and program administration",8015,105000,106200,"Canada"
"40011 Government managers - economic analysis, policy development and program administration",11845,108000,115400,"Canada"
"40012 Government managers - education policy development and program administration",1965,97000,98200,"Canada"
"40019 Other managers in public administration",5010,101000,99900,"Canada"
"4002 Managers in education",49355,108000,102600,"Canada"
"40020 Administrators - post-secondary education and vocational training",17785,88000,92800,"Canada"
"40021 School principals and administrators of elementary and secondary education",31570,114000,108100,"Canada"
"4003 Managers in social, community and correctional services",34225,64000,69400,"Canada"
"40030 Managers in social, community and correctional services",34225,64000,69400,"Canada"
"4004 Managers in public protection services",23265,95000,91800,"Canada"
"40040 Commissioned police officers and related occupations in public protection services",2170,130000,131000,"Canada"
"40041 Fire chiefs and senior firefighting officers",2690,116000,113500,"Canada"
"40042 Commissioned officers of the Canadian Armed Forces",18410,88000,84000,"Canada"
"41 Professional occupations in law, education, social, community and government services",1224880,69500,73900,"Canada"
"411 Professional occupations in law",99570,108000,151400,"Canada"
"4110 Judges, lawyers and Quebec notaries",99570,108000,151400,"Canada"
"41100 Judges",3240,278000,260000,"Canada"
"41101 Lawyers and Quebec notaries",96330,105000,147800,"Canada"
"412 Professional occupations in education services",724325,69500,66100,"Canada"
"4120 University professors and post-secondary assistants",174685,38400,62550,"Canada"
"41200 University professors and lecturers",74610,109000,109000,"Canada"
"41201 Post-secondary teaching and research assistants",100070,13600,27920,"Canada"
"4121 College and other vocational instructors",100410,67500,64900,"Canada"
"41210 College and other vocational instructors",100410,67500,64900,"Canada"
"4122 Secondary, elementary and kindergarten school teachers",449230,76000,67700,"Canada"
"41220 Secondary school teachers",153335,82000,72000,"Canada"
"41221 Elementary school and kindergarten teachers",295900,73000,65500,"Canada"
"413 Professional occupations in social and community services",175420,60000,59250,"Canada"
"4130 Social and community service professionals",127980,59200,57650,"Canada"
"41300 Social workers",66005,67500,64500,"Canada"
"41301 Therapists in counselling and related specialized therapies",34175,50000,50920,"Canada"
"41302 Religious leaders",27810,48800,49760,"Canada"
"4131 Police investigators and probation officers",8895,87000,89600,"Canada"
"41310 Police investigators and other investigative occupations",3610,119000,111600,"Canada"
"41311 Probation and parole officers",5280,80000,74600,"Canada"
"4132 Educational and employment counsellors",38550,56800,57550,"Canada"
"41320 Educational counsellors",26965,62400,60600,"Canada"
"41321 Career development practitioners and career counsellors (except education)",11585,49600,50440,"Canada"
"414 Professional occupations in government services",225565,70500,76000,"Canada"
"4140 Policy and program researchers, consultants and officers",225565,70500,76000,"Canada"
"41400 Natural and applied science policy researchers, consultants and program officers",35545,78500,82500,"Canada"
"41401 Economists and economic policy researchers and analysts",22635,89000,107600,"Canada"
"41402 Business development officers and market researchers and analysts",41410,68000,81900,"Canada"
"41403 Social policy researchers, consultants and program officers",42115,68500,68000,"Canada"
"41404 Health policy researchers, consultants and program officers",27115,70000,70900,"Canada"
"41405 Education policy researchers, consultants and program officers",26390,65000,63150,"Canada"
"41406 Recreation, sports and fitness policy researchers, consultants and program officers",10160,48400,50240,"Canada"
"41407 Program officers unique to government",13575,74000,76300,"Canada"
"41409 Other professional occupations in social science",6615,55600,57750,"Canada"
"42 Front-line public protection services and paraprofessional occupations in legal, social, community, education services",582050,40400,48840,"Canada"
"421 Occupations in front-line public protection services",108275,109000,103100,"Canada"
"4210 Occupations in front-line public protection services",108275,109000,103100,"Canada"
"42100 Police officers (except commissioned)",73090,109000,104000,"Canada"
"42101 Firefighters",33575,109000,102700,"Canada"
"42102 Specialized members of the Canadian Armed Forces",1610,72500,70200,"Canada"
"422 Paraprofessional occupations in legal, social, community and education services",473765,34000,36440,"Canada"
"4220 Paraprofessional occupations in legal, social, community and education services",473765,34000,36440,"Canada"
"42200 Paralegals and related occupations",31205,53600,55650,"Canada"
"42201 Social and community service workers",176975,43600,43560,"Canada"
"42202 Early childhood educators and assistants",224080,25200,27360,"Canada"
"42203 Instructors of persons with disabilities",33340,43600,43320,"Canada"
"42204 Religion workers",8175,22400,30080,"Canada"
"43 Assisting occupations in education and in legal and public protection",223890,37200,44280,"Canada"
"431 Assisting occupations in educational",138035,26400,26840,"Canada"
"4310 Assisting occupations in education",138035,26400,26840,"Canada"
"43100 Elementary and secondary school teacher assistants",104550,30400,29920,"Canada"
"43109 Other instructors",33475,7400,17140,"Canada"
"432 Assisting occupations in legal and public protection",85855,74000,72300,"Canada"
"4320 Assisting occupations in legal and public protection",85855,74000,72300,"Canada"
"43200 Sheriffs and bailiffs",5290,68000,65300,"Canada"
"43201 Correctional service officers",24605,82000,78400,"Canada"
"43202 By-law enforcement and other regulatory officers",10520,65500,63450,"Canada"
"43203 Border services, customs, and immigration officers",10285,85000,75100,"Canada"
"43204 Operations members of the Canadian Armed Forces",35160,71500,71000,"Canada"
"44 Care providers and legal and public protection support occupations",108225,17800,23820,"Canada"
"441 Home care provider occupations",99060,16000,21860,"Canada"
"4410 Home care provider occupations",99060,16000,21860,"Canada"
"44100 Home child care providers",49205,10300,16200,"Canada"
"44101 Home support workers, caregivers and related occupations",49850,23600,27440,"Canada"
"442 Primary combat members of the Canadian Armed Forces",9170,45600,44960,"Canada"
"4420 Primary combat members of the Canadian Armed Forces",9170,45600,44960,"Canada"
"44200 Primary combat members of the Canadian Armed Forces",9170,45600,44960,"Canada"
"45 Student monitors, crossing guards and related occupations",30255,6320,10580,"Canada"
"451 Student monitors, crossing guards and related occupations",30255,6320,10580,"Canada"
"4510 Student monitors, crossing guards and related occupations",30255,6320,10580,"Canada"
"45100 Student monitors, crossing guards and related occupations",30255,6320,10580,"Canada"
"5 Occupations in art, culture, recreation and sport",581980,24400,38280,"Canada"
"50 Specialized middle management occupations in art, culture, recreation and sport",25355,55600,67700,"Canada"
"500 Specialized middle management occupations in art, culture, recreation and sport",25355,55600,67700,"Canada"
"5001 Managers in art, culture, recreation and sport",25355,55600,67700,"Canada"
"50010 Library, archive, museum and art gallery managers",4815,62400,66500,"Canada"
"50011 Managers - publishing, motion pictures, broadcasting and performing arts",7820,60400,74300,"Canada"
"50012 Recreation, sports and fitness program and service directors",12720,50800,64000,"Canada"
"51 Professional occupations in art and culture",147870,32400,43600,"Canada"
"511 Professional occupations in art and culture",147870,32400,43600,"Canada"
"5110 Librarians, archivists, conservators and curators",12520,64000,62000,"Canada"
"51100 Librarians",8945,68000,65400,"Canada"
"51101 Conservators and curators",2005,54000,53050,"Canada"
"51102 Archivists",1565,54800,53750,"Canada"
"5111 Writing, translating and related communications professionals",71035,38000,44600,"Canada"
"51110 Editors",13855,38800,43000,"Canada"
"51111 Authors and writers (except technical)",21690,20200,35000,"Canada"
"51112 Technical writers",8325,66500,66300,"Canada"
"51113 Journalists",10270,51200,55400,"Canada"
"51114 Translators, terminologists and interpreters",16890,34000,41000,"Canada"
"5112 Creative and performing artists",64310,20400,38920,"Canada"
"51120 Producers, directors, choreographers and related occupations",31925,52000,60050,"Canada"
"51121 Conductors, composers and arrangers",3255,15100,27840,"Canada"
"51122 Musicians and singers",29130,8100,17000,"Canada"
"52 Technical occupations in art, culture and sport",189280,42400,49800,"Canada"
"521 Technical occupations in art and culture",189280,42400,49800,"Canada"
"5210 Technical occupations in libraries and public archives",9990,42000,42080,"Canada"
"52100 Library and public archive technicians",9990,42000,42080,"Canada"
"5211 Technical occupations in motion pictures, broadcasting and the performing arts",76040,48800,57300,"Canada"
"52110 Film and video camera operators",5050,26800,36720,"Canada"
"52111 Graphic arts technicians",12135,51600,62050,"Canada"
"52112 Broadcast technicians",1845,70500,67900,"Canada"
"52113 Audio and video recording technicians",25070,39200,43200,"Canada"
"52114 Announcers and other broadcasters",4725,44800,61750,"Canada"
"52119 Other technical and coordinating occupations in motion pictures, broadcasting and the performing arts",27220,62400,70400,"Canada"
"5212 Graphic and interior designers",103250,38400,45080,"Canada"
"52120 Graphic designers and illustrators",76660,40800,46920,"Canada"
"52121 Interior designers and interior decorators",26585,31600,39720,"Canada"
"53 Occupations in art, culture and sport",116775,12700,26880,"Canada"
"531 Occupations in art and culture",98280,11900,23760,"Canada"
"5310 Occupations related to museums and art galleries",6105,13600,22220,"Canada"
"53100 Registrars, restorers, interpreters and other occupations related to museum and art galleries",6105,13600,22220,"Canada"
"5311 Photographers and support occupations in arts and culture",27735,18000,27800,"Canada"
"53110 Photographers",15710,10800,21860,"Canada"
"53111 Motion pictures, broadcasting, photography and performing arts assistants and operators",12025,30600,35600,"Canada"
"5312 Occupations in creative and performing art",64440,9600,22160,"Canada"
"53120 Dancers",8535,7450,14480,"Canada"
"53121 Actors, comedians and circus performers",13970,7600,21500,"Canada"
"53122 Painters, sculptors and other visual artists",14975,6040,16020,"Canada"
"53123 Theatre, fashion, exhibit and other creative designers",12195,29600,39920,"Canada"
"53124 Artisans and craftspersons",14120,9300,17980,"Canada"
"53125 Patternmakers - textile, leather and fur products",635,34000,35800,"Canada"
"532 Occupations in sports",18500,17600,43440,"Canada"
"5320 Athletes, coaches, referees and related occupations",18500,17600,43440,"Canada"
"53200 Athletes",2800,17200,98400,"Canada"
"53201 Coaches",13940,21200,35480,"Canada"
"53202 Sports officials and referees",1760,3680,18940,"Canada"
"54 Support occupations in sport",99150,6650,14720,"Canada"
"541 Support occupations in sport",99150,6650,14720,"Canada"
"5410 Program leaders and instructors in recreation, sport and fitness",99150,6650,14720,"Canada"
"54100 Program leaders and instructors in recreation, sport and fitness",99150,6650,14720,"Canada"
"55 Support occupations in art and culture",3540,8900,25500,"Canada"
"551 Support occupations in art and culture",3540,8900,25500,"Canada"
"5510 Support occupations in art and culture",3540,8900,25500,"Canada"
"55109 Other performers",3540,8900,25500,"Canada"
"6 Sales and service occupations",4511690,21800,34040,"Canada"
"60 Middle management occupations in retail and wholesale trade and customer services",643530,48800,63750,"Canada"
"600 Middle management occupations in retail and wholesale trade and customer services",643530,48800,63750,"Canada"
"6001 Corporate sales managers",76935,97000,113600,"Canada"
"60010 Corporate sales managers",76935,97000,113600,"Canada"
"6002 Retail and wholesale trade managers",377880,50400,64700,"Canada"
"60020 Retail and wholesale trade managers",377880,50400,64700,"Canada"
"6003 Managers in food service and accommodation",163895,34000,41720,"Canada"
"60030 Restaurant and food service managers",138395,33200,40280,"Canada"
"60031 Accommodation service managers",25505,40000,49600,"Canada"
"6004 Managers in customer and personal services",24825,31000,40800,"Canada"
"60040 Managers in customer and personal services",24825,31000,40800,"Canada"
"62 Retail sales and service supervisors and specialized occupations in sales and services",331705,35600,47480,"Canada"
"620 Retail sales and service supervisors",175510,33200,38560,"Canada"
"6201 Retail sales supervisors",61520,33600,38760,"Canada"
"62010 Retail sales supervisors",61520,33600,38760,"Canada"
"6202 Service supervisors",113995,32800,38440,"Canada"
"62020 Food service supervisors",71205,29200,34800,"Canada"
"62021 Executive housekeepers",1935,39600,42000,"Canada"
"62022 Accommodation, travel, tourism and related services supervisors",5975,25800,31360,"Canada"
"62023 Customer and information services supervisors",10585,54000,57700,"Canada"
"62024 Cleaning supervisors",13140,40800,42720,"Canada"
"62029 Other services supervisors",11150,40000,41640,"Canada"
"621 Specialized sales occupations",84730,61200,78900,"Canada"
"6210 Technical sales specialists in wholesale trade and retail and wholesale buyers",84730,61200,78900,"Canada"
"62100 Technical sales specialists - wholesale trade",50240,82000,100500,"Canada"
"62101 Retail and wholesale buyers",34495,37600,47440,"Canada"
"622 Specialized services occupations",71460,26000,32200,"Canada"
"6220 Specialized occupations in services",71460,26000,32200,"Canada"
"62200 Chefs",62880,25000,30280,"Canada"
"62201 Funeral directors and embalmers",5210,54000,60100,"Canada"
"62202 Jewellers, jewellery and watch repairers and related occupations",3365,16600,24560,"Canada"
"63 Occupations in sales and services",625815,23000,37720,"Canada"
"631 Occupations in sales",233805,49600,66000,"Canada"
"6310 Insurance, real estate and financial sales occupations",233805,49600,66000,"Canada"
"63100 Insurance agents and brokers",77515,53200,66900,"Canada"
"63101 Real estate agents and salespersons",97705,38000,61650,"Canada"
"63102 Financial sales representatives",58590,53600,72100,"Canada"
"632 Occupations in services",392005,15500,20840,"Canada"
"6320 Cooks, butchers and bakers",234805,17400,21880,"Canada"
"63200 Cooks",179445,16000,20540,"Canada"
"63201 Butchers - retail and wholesale",10605,33600,33600,"Canada"
"63202 Bakers",44755,21200,24520,"Canada"
"6321 Hairstylists and estheticians",143810,12000,16880,"Canada"
"63210 Hairstylists and barbers",86365,12700,17200,"Canada"
"63211 Estheticians, electrologists and related occupations",57440,10900,16400,"Canada"
"6322 Shoe repairers, shoemakers and upholsterers",13390,41600,45280,"Canada"
"63220 Shoe repairers and shoemakers",10010,46800,50000,"Canada"
"63221 Upholsterers",3380,28800,31280,"Canada"
"64 Sales and service representatives and other customer and personal services occupations",1255825,23400,32520,"Canada"
"641 Retail salespersons and non-technical wholesale trade sales and account representatives",690545,19400,32160,"Canada"
"6410 Retail salespersons and non-technical wholesale trade sales and account representatives",690545,19400,32160,"Canada"
"64100 Retail salespersons and visual merchandisers",629295,17600,28560,"Canada"
"64101 Sales and account representatives - wholesale trade (non-technical)",61250,57200,69300,"Canada"
"642 Occupations in personal service",19290,16400,21420,"Canada"
"6420 Occupations in personal service",19290,16400,21420,"Canada"
"64200 Tailors, dressmakers, furriers and milliners",17180,16200,19240,"Canada"
"64201 Image, social and other personal consultants",2115,19400,39160,"Canada"
"643 Occupations in food, accommodation and tourism",120210,13900,22200,"Canada"
"6430 Occupations in food and beverage service",49045,8400,11620,"Canada"
"64300 Maîtres d'hôtel and hosts/hostesses",20175,5560,8280,"Canada"
"64301 Bartenders",28865,10900,13960,"Canada"
"6431 Occupations in travel and accommodation",59130,27000,31880,"Canada"
"64310 Travel counsellors",17695,23000,29080,"Canada"
"64311 Pursers and flight attendants",11840,38800,41880,"Canada"
"64312 Airline ticket and service agents",11160,31400,36960,"Canada"
"64313 Ground and water transport ticket agents, cargo service representatives and related clerks",1715,54000,53200,"Canada"
"64314 Hotel front desk clerks",16715,20000,22240,"Canada"
"6432 Tourism and amusement services occupations",12035,12200,17600,"Canada"
"64320 Tour and travel guides",2670,7300,14980,"Canada"
"64321 Casino workers",6995,12800,18100,"Canada"
"64322 Outdoor sport and recreational guides",2375,14800,19100,"Canada"
"644 Occupations in customer, information and protective services",425780,33600,36560,"Canada"
"6440 Customer and information services representatives",309330,34000,37080,"Canada"
"64400 Customer services representatives - financial institutions",58750,35200,38160,"Canada"
"64401 Postal services representatives",7375,31800,35080,"Canada"
"64409 Other customer and information services representatives",243205,34000,36880,"Canada"
"6441 Security guards and related security service occupations",116450,32000,35160,"Canada"
"64410 Security guards and related security service occupations",116450,32000,35160,"Canada"
"65 Sales and service support occupations",1654815,13100,19560,"Canada"
"651 Sales support occupations",620815,12800,19080,"Canada"
"6510 Cashiers and other sales support occupations",620815,12800,19080,"Canada"
"65100 Cashiers",358760,11100,17360,"Canada"
"65101 Service station attendants",8975,12700,17800,"Canada"
"65102 Store shelf stockers, clerks and order fillers",225115,16400,20920,"Canada"
"65109 Other sales related occupations",27970,13200,26640,"Canada"
"652 Support occupations in food, accommodation and tourism",590915,10500,15840,"Canada"
"6520 Food support occupations",525705,10500,15520,"Canada"
"65200 Food and beverage servers",127700,9900,13320,"Canada"
"65201 Food counter attendants, kitchen helpers and related support occupations",391160,10600,15900,"Canada"
"65202 Meat cutters and fishmongers - retail and wholesale",6845,34800,35000,"Canada"
"6521 Support occupations in accommodation, travel, tourism and amusement services",37895,8600,17660,"Canada"
"65210 Support occupations in accommodation, travel and facilities set-up services",3115,18800,29400,"Canada"
"65211 Operators and attendants in amusement, recreation and sport",34780,8200,16600,"Canada"
"6522 Support occupations in personal services",27310,13000,19460,"Canada"
"65220 Pet groomers and animal care workers",25095,13400,19680,"Canada"
"65229 Other support occupations in personal services",2220,7750,16840,"Canada"
"653 Support occupations in cleaning and related services",443090,20400,25180,"Canada"
"6531 Cleaners",400855,20800,25400,"Canada"
"65310 Light duty cleaners",251930,17400,22440,"Canada"
"65311 Specialized cleaners",40005,21000,26080,"Canada"
"65312 Janitors, caretakers and heavy-duty cleaners",108925,30200,32000,"Canada"
"6532 Service support and related occupations",42230,17800,23160,"Canada"
"65320 Dry cleaning, laundry and related occupations",17285,25400,26760,"Canada"
"65329 Other service support occupations",24945,13100,20680,"Canada"
"7 Trades, transport and equipment operators and related occupations",3105230,46000,52300,"Canada"
"70 Middle management occupations in trades and transportation",252080,63600,73500,"Canada"
"700 Middle management occupations in trades and transportation",252080,63600,73500,"Canada"
"7001 Managers in construction and facility operation and maintenance",208800,60400,70800,"Canada"
"70010 Construction managers",88725,76000,85400,"Canada"
"70011 Home building and renovation managers",47050,24000,37240,"Canada"
"70012 Facility operation and maintenance managers",73020,65000,74700,"Canada"
"7002 Managers in transportation and postal and courier services",43280,77000,86500,"Canada"
"70020 Managers in transportation",39275,78000,88400,"Canada"
"70021 Postal and courier services managers",4010,64500,68100,"Canada"
"72 Technical trades and transportation officers and controllers",1234610,56000,61450,"Canada"
"720 Technical trades contractors and supervisors",189870,68000,72600,"Canada"
"7201 Contractors and supervisors, technical industrial, electrical and construction trades and related workers",100025,62400,67300,"Canada"
"72010 Contractors and supervisors, machining, metal forming, shaping and erecting trades and related occupations",13520,74500,79200,"Canada"
"72011 Contractors and supervisors, electrical trades and telecommunications occupations",22355,79000,82400,"Canada"
"72012 Contractors and supervisors, pipefitting trades",7485,82000,82600,"Canada"
"72013 Contractors and supervisors, carpentry trades",14550,59200,60950,"Canada"
"72014 Contractors and supervisors, other construction trades, installers, repairers and servicers",42120,47600,54900,"Canada"
"7202 Contractors and supervisors, technical maintenance trades and heavy equipment and transport operators",89845,73500,78600,"Canada"
"72020 Contractors and supervisors, mechanic trades",25520,74500,79800,"Canada"
"72021 Contractors and supervisors, heavy equipment operator crews",42270,81000,86000,"Canada"
"72022 Supervisors, printing and related occupations",2030,56400,57150,"Canada"
"72023 Supervisors, railway transport operations",1225,96000,97600,"Canada"
"72024 Supervisors, motor transport and other ground transit operators",10425,62400,64800,"Canada"
"72025 Supervisors, mail and message distribution occupations",8380,59600,56500,"Canada"
"721 Technical industrial trades",176590,52800,55700,"Canada"
"7210 Machining, metal forming, shaping and erecting trades",176590,52800,55700,"Canada"
"72100 Machinists and machining and tooling inspectors",37095,54000,55250,"Canada"
"72101 Tool and die makers",10045,60000,61550,"Canada"
"72102 Sheet metal workers",18990,53600,54600,"Canada"
"72103 Boilermakers",3810,62000,68400,"Canada"
"72104 Structural metal and platework fabricators and fitters",6555,54800,55900,"Canada"
"72105 Ironworkers",12925,61200,63100,"Canada"
"72106 Welders and related machine operators",87165,49600,53800,"Canada"
"722 Technical electrical trades",168095,63600,66600,"Canada"
"7220 Technical electrical trades and electrical power line and telecommunications workers",168095,63600,66600,"Canada"
"72200 Electricians (except industrial and power system)",97680,53200,55900,"Canada"
"72201 Industrial electricians",21960,89000,91100,"Canada"
"72202 Power system electricians",4975,95000,95400,"Canada"
"72203 Electrical power line and cable workers",13300,107000,105700,"Canada"
"72204 Telecommunications line and cable installers and repairers",9700,59600,59000,"Canada"
"72205 Telecommunications equipment installation and cable television service technicians",20485,63200,62650,"Canada"
"723 Technical construction trades",274770,44000,47360,"Canada"
"7230 Plumbers, pipefitters and gas fitters",78055,56400,58700,"Canada"
"72300 Plumbers",50615,52400,54150,"Canada"
"72301 Steamfitters, pipefitters and sprinkler system installers",20825,67000,68900,"Canada"
"72302 Gas fitters",6620,56400,61500,"Canada"
"7231 Carpenters and cabinetmakers",171590,39600,42240,"Canada"
"72310 Carpenters",155690,40400,43000,"Canada"
"72311 Cabinetmakers",15900,34000,34960,"Canada"
"7232 Bricklayers and insulators",25130,43600,47160,"Canada"
"72320 Bricklayers",16300,41200,44680,"Canada"
"72321 Insulators",8825,48400,51800,"Canada"
"724 Technical maintenance trades",371215,58000,62100,"Canada"
"7240 Machinery and transportation equipment mechanics (except motor vehicles)",168305,72500,75500,"Canada"
"72400 Construction millwrights and industrial mechanics",65385,74000,77900,"Canada"
"72401 Heavy-duty equipment mechanics",44340,74000,79300,"Canada"
"72402 Heating, refrigeration and air conditioning mechanics",29605,59600,62450,"Canada"
"72403 Railway carmen/women",2495,84000,81000,"Canada"
"72404 Aircraft mechanics and aircraft inspectors",18495,72500,71300,"Canada"
"72405 Machine fitters",2140,61600,62150,"Canada"
"72406 Elevator constructors and mechanics",5845,102000,101500,"Canada"
"7241 Automotive service technicians",176220,48000,51080,"Canada"
"72410 Automotive service technicians, truck and bus mechanics and mechanical repairers",147535,49200,51900,"Canada"
"72411 Auto body collision, refinishing and glass technicians and damage repair estimators",28690,43200,46880,"Canada"
"7242 Small engine and equipment mechanics and related repairers (including electrical components)",26695,48800,50480,"Canada"
"72420 Oil and solid fuel heating mechanics",1585,47200,50440,"Canada"
"72421 Appliance servicers and repairers",5480,35200,39840,"Canada"
"72422 Electrical mechanics",10465,60400,61500,"Canada"
"72423 Motorcycle, all-terrain vehicle and other related mechanics",6580,47200,48280,"Canada"
"72429 Other small engine and small equipment repairers",2580,30800,34040,"Canada"
"725 Technical equipment operation trades",14310,74500,80700,"Canada"
"7250 Crane operators and water well drillers",14310,74500,80700,"Canada"
"72500 Crane operators",13730,76500,81900,"Canada"
"72501 Water well drillers",580,50400,50600,"Canada"
"726 Transportation officers and controllers",30865,94000,108800,"Canada"
"7260 Transportation officers and controllers",30865,94000,108800,"Canada"
"72600 Air pilots, flight engineers and flying instructors",17490,92000,109400,"Canada"
"72601 Air traffic controllers and related occupations",4655,107000,122500,"Canada"
"72602 Deck officers, water transport",5925,91000,103900,"Canada"
"72603 Engineer officers, water transport",1440,96000,99800,"Canada"
"72604 Railway traffic controllers and marine traffic regulators",1355,86000,85700,"Canada"
"729 Other technical trades",8900,45200,49080,"Canada"
"7299 Other technical trades",8900,45200,49080,"Canada"
"72999 Other technical trades and related occupations",8900,45200,49080,"Canada"
"73 General trades",853565,40400,45040,"Canada"
"731 General construction trades",122455,31200,35600,"Canada"
"7310 Concrete finishers, tilesetters and plasterers",43365,37200,40120,"Canada"
"73100 Concrete finishers",8785,48400,50360,"Canada"
"73101 Tilesetters",8135,31400,35680,"Canada"
"73102 Plasterers, drywall installers and finishers and lathers",26455,35200,38080,"Canada"
"7311 Roofers, glaziers, painters, decorators and floor covering installers",79085,27800,33120,"Canada"
"73110 Roofers and shinglers",21680,33200,38120,"Canada"
"73111 Glaziers",8130,45600,46000,"Canada"
"73112 Painters and decorators (except interior decorators)",38795,21400,27760,"Canada"
"73113 Floor covering installers",10475,27800,32720,"Canada"
"732 Building maintenance installers, servicers and repairers",160990,34800,38240,"Canada"
"7320 Building maintenance installers, servicers and repairers",160990,34800,38240,"Canada"
"73200 Residential and commercial installers and servicers",48330,30400,34600,"Canada"
"73201 General building maintenance workers and building superintendents",98405,38000,40240,"Canada"
"73202 Pest controllers and fumigators",4060,39200,41600,"Canada"
"73209 Other repairers and servicers",10200,29600,34840,"Canada"
"733 Transportation occupations",458325,40800,45440,"Canada"
"7330 Transport truck and transit drivers",446705,40000,44160,"Canada"
"73300 Transport truck drivers",350460,42400,45240,"Canada"
"73301 Bus drivers, subway operators and other transit operators",96240,27800,40240,"Canada"
"7331 Train crew operating occupations",11620,96000,94600,"Canada"
"73310 Railway and yard locomotive engineers",5970,116000,109100,"Canada"
"73311 Railway conductors and brakemen/women",5655,81000,79400,"Canada"
"734 Operators, drillers and blasters",111795,58800,63450,"Canada"
"7340 Operators, drillers and blasters",111795,58800,63450,"Canada"
"73400 Heavy equipment operators",93255,60800,65900,"Canada"
"73401 Printing press operators",14300,43600,45160,"Canada"
"73402 Drillers and blasters - surface mining, quarrying and construction",4245,68500,70400,"Canada"
"74 Mail and message distribution, other transport equipment operators and related maintenance workers",144505,46800,46960,"Canada"
"741 Mail and message distribution occupations",89310,46800,45600,"Canada"
"7410 Mail and message distribution occupations",89310,46800,45600,"Canada"
"74100 Mail and parcel sorters and related occupations",23075,40800,42560,"Canada"
"74101 Letter carriers",33235,61200,55050,"Canada"
"74102 Couriers and messengers",32995,33600,38160,"Canada"
"742 Transport equipment operators, utility maintenance and related workers",55195,46400,49200,"Canada"
"7420 Transport equipment operators, utility maintenance and related maintenance workers",55195,46400,49200,"Canada"
"74200 Railway yard and track maintenance workers",5665,77500,75300,"Canada"
"74201 Water transport deck and engine room crew",4615,58800,56600,"Canada"
"74202 Air transport ramp attendants",9315,32800,36560,"Canada"
"74203 Automotive and heavy truck and equipment parts installers and servicers",14175,31800,39480,"Canada"
"74204 Utility maintenance workers",5960,60800,63050,"Canada"
"74205 Public works maintenance equipment operators and related workers",15465,50400,48640,"Canada"
"75 Helpers and labourers and other transport drivers, operators and labourers",620470,30200,36640,"Canada"
"751 Helpers and labourers",437205,34800,41080,"Canada"
"7510 Longshore workers and material handlers",224230,37200,43600,"Canada"
"75100 Longshore workers",5710,87000,90000,"Canada"
"75101 Material handlers",218515,36800,42400,"Canada"
"7511 Trades helpers and labourers",212975,32000,38440,"Canada"
"75110 Construction trades helpers and labourers",200790,32400,38680,"Canada"
"75119 Other trades helpers and labourers",12185,28000,34440,"Canada"
"752 Transport drivers, operators and labourers",183265,17200,26040,"Canada"
"7520 Taxi, personal service and delivery service drivers",143875,13000,21440,"Canada"
"75200 Taxi and limousine drivers and chauffeurs",53510,7300,13860,"Canada"
"75201 Delivery service drivers and door-to-door distributors",90360,18600,25960,"Canada"
"7521 Water and rail transport operators and labourers and related occupations",39395,42400,42880,"Canada"
"75210 Boat and cable ferry operators and related occupations",2875,40000,45600,"Canada"
"75211 Railway and motor transport labourers",4865,34800,39680,"Canada"
"75212 Public works and maintenance labourers",31655,44000,43160,"Canada"
"8 Natural resources, agriculture and related production occupations",501260,24400,39040,"Canada"
"80 Middle management occupations in production and agriculture",156155,21800,38040,"Canada"
"800 Middle management occupations in production and agriculture",156155,21800,38040,"Canada"
"8001 Managers in natural resources production and fishing",9945,143000,170400,"Canada"
"80010 Managers in natural resources production and fishing",9945,143000,170400,"Canada"
"8002 Managers in agriculture, horticulture and aquaculture",146210,19600,29040,"Canada"
"80020 Managers in agriculture",141855,19200,28440,"Canada"
"80021 Managers in horticulture",3470,34000,44920,"Canada"
"80022 Managers in aquaculture",875,58400,59300,"Canada"
"82 Supervisors in natural resources, agriculture and related production",46565,64000,78300,"Canada"
"820 Supervisors in natural resources, agriculture and related production",46565,64000,78300,"Canada"
"8201 Supervisors, logging and forestry",6245,72500,80800,"Canada"
"82010 Supervisors, logging and forestry",6245,72500,80800,"Canada"
"8202 Contractors and supervisors, mining, oil and gas",18120,109000,114800,"Canada"
"82020 Supervisors, mining and quarrying",7980,122000,121300,"Canada"
"82021 Contractors and supervisors, oil and gas drilling and services",10140,98000,109700,"Canada"
"8203 Contractors and supervisors, agriculture, horticulture and related operations and services",22200,42400,47840,"Canada"
"82030 Agricultural service contractors and farm supervisors",2800,44400,46280,"Canada"
"82031 Contractors and supervisors, landscaping, grounds maintenance and horticulture services",19400,42000,48080,"Canada"
"83 Occupations in natural resources and related production",39830,61600,69200,"Canada"
"831 Occupations in natural resources and fisheries",39830,61600,69200,"Canada"
"8310 Underground miners, oil and gas drillers and related occupations",20645,94000,92600,"Canada"
"83100 Underground production and development miners",13765,106000,101900,"Canada"
"83101 Oil and gas well drillers, servicers, testers and related workers",6875,64500,74000,"Canada"
"8311 Logging machinery operators",6985,57200,58800,"Canada"
"83110 Logging machinery operators",6985,57200,58800,"Canada"
"8312 Fishing vessel masters and fishermen/women",12200,24400,35560,"Canada"
"83120 Fishing masters and officers",1085,55200,72200,"Canada"
"83121 Fishermen/women",11115,22400,31960,"Canada"
"84 Workers in natural resources, agriculture and related production",75540,27800,37080,"Canada"
"841 Workers in natural resources and fisheries",75540,27800,37080,"Canada"
"8410 Mine service workers and operators in oil and gas drilling",9815,77500,80800,"Canada"
"84100 Underground mine service and support workers",4195,80000,80700,"Canada"
"84101 Oil and gas well drilling and related workers and services operators",5620,75500,80900,"Canada"
"8411 Logging and forestry workers",14515,28400,35720,"Canada"
"84110 Chain saw and skidder operators",6885,31400,38200,"Canada"
"84111 Silviculture and forestry workers",7630,26600,33480,"Canada"
"8412 Workers in agriculture and fishing occupations",51215,22800,29080,"Canada"
"84120 Specialized livestock workers and farm machinery operators",41810,23600,29000,"Canada"
"84121 Fishing vessel deckhands",9405,20600,29520,"Canada"
"85 Harvesting, landscaping and natural resources labourers",183175,16800,24160,"Canada"
"851 Harvesting, landscaping and natural resources labourers",183175,16800,24160,"Canada"
"8510 Agriculture, horticulture and harvesting labourers and related occupations",58580,16200,22640,"Canada"
"85100 Livestock labourers",26820,18000,24660,"Canada"
"85101 Harvesting labourers",12450,12500,17520,"Canada"
"85102 Aquaculture and marine harvest labourers",2585,23200,31880,"Canada"
"85103 Nursery and greenhouse labourers",16345,16800,21720,"Canada"
"85104 Trappers and hunters",385,9900,23400,"Canada"
"8511 Mine and oil and gas drilling, services and related labourers",9595,45600,53950,"Canada"
"85110 Mine labourers",2765,47600,59800,"Canada"
"85111 Oil and gas drilling, servicing and related labourers",6830,45200,51550,"Canada"
"8512 Logging, forestry, landscaping and other related labourers",115000,15900,22460,"Canada"
"85120 Logging and forestry labourers",5325,17400,24100,"Canada"
"85121 Landscaping and grounds maintenance labourers",109675,15900,22380,"Canada"
"9 Occupations in manufacturing and utilities",848015,43200,53450,"Canada"
"90 Middle management occupations in manufacturing and utilities",82170,86000,103600,"Canada"
"900 Middle management occupations in manufacturing and utilities",82170,86000,103600,"Canada"
"9001 Managers in manufacturing and utilities",82170,86000,103600,"Canada"
"90010 Manufacturing managers",70875,81000,97400,"Canada"
"90011 Utilities managers",11295,125000,143000,"Canada"
"92 Processing, manufacturing and utilities supervisors and utilities operators and controllers",109230,73000,83000,"Canada"
"920 Supervisors, processing, manufacturing, assembly and fabrication occupations",61325,69500,76600,"Canada"
"9201 Supervisors, processing and manufacturing occupations",43260,71000,79400,"Canada"
"92010 Supervisors, mineral and metal processing",5560,81000,86500,"Canada"
"92011 Supervisors, petroleum, gas and chemical processing and utilities",12070,98000,111000,"Canada"
"92012 Supervisors, food and beverage processing",15370,58000,59300,"Canada"
"92013 Supervisors, plastic and rubber products manufacturing",3515,60800,63050,"Canada"
"92014 Supervisors, forest products processing",5640,76500,76500,"Canada"
"92015 Supervisors, textile, fabric, fur and leather products processing and manufacturing",1105,43600,45000,"Canada"
"9202 Supervisors, assembly and fabrication",18070,66000,70000,"Canada"
"92020 Supervisors, motor vehicle assembling",8365,72500,77400,"Canada"
"92021 Supervisors, electronics and electrical products manufacturing",2205,57200,61000,"Canada"
"92022 Supervisors, furniture and fixtures manufacturing",1615,52800,53450,"Canada"
"92023 Supervisors, other mechanical and metal products manufacturing",2865,72500,73700,"Canada"
"92024 Supervisors, other products manufacturing and assembly",3025,57600,61350,"Canada"
"921 Utilities equipment operators and controllers",47905,79000,91200,"Canada"
"9210 Utilities equipment operators and controllers",47905,79000,91200,"Canada"
"92100 Power engineers and power systems operators",34540,86000,100200,"Canada"
"92101 Water and waste treatment plant operators",13360,69500,68000,"Canada"
"93 Central control and process operators and aircraft assembly assemblers and inspectors",30910,89000,102100,"Canada"
"931 Central control and process operators in processing and manufacturing",25275,101000,111000,"Canada"
"9310 Central control and process operators in processing and manufacturing",25275,101000,111000,"Canada"
"93100 Central control and process operators, mineral and metal processing",2430,98000,93700,"Canada"
"93101 Central control and process operators, petroleum, gas and chemical processing",22100,103000,113700,"Canada"
"93102 Pulping, papermaking and coating control operators",745,90000,87800,"Canada"
"932 Aircraft assemblers and aircraft assembly inspectors",5635,64500,62150,"Canada"
"9320 Aircraft assemblers and aircraft assembly inspectors",5635,64500,62150,"Canada"
"93200 Aircraft assemblers and aircraft assembly inspectors",5635,64500,62150,"Canada"
"94 Machine operators, assemblers and inspectors in processing, manufacturing and printing",374480,40800,43800,"Canada"
"941 Processing and manufacturing machine operators and related production workers",206870,42400,45440,"Canada"
"9410 Machine operators and related workers in mineral and metal products processing and manufacturing",41810,48800,54100,"Canada"
"94100 Machine operators, mineral and metal processing",8395,80000,79400,"Canada"
"94101 Foundry workers",2420,52000,57500,"Canada"
"94102 Glass forming and finishing machine operators and glass cutters",2200,37600,38440,"Canada"
"94103 Concrete, clay and stone forming operators",3660,43200,47440,"Canada"
"94104 Inspectors and testers, mineral and metal processing",2270,53600,56700,"Canada"
"94105 Metalworking and forging machine operators",11380,44000,45000,"Canada"
"94106 Machining tool operators",8665,46800,48720,"Canada"
"94107 Machine operators of other metal products",2815,46000,47560,"Canada"
"9411 Machine operators and related workers in chemical, plastic and rubber processing",26095,45200,49280,"Canada"
"94110 Chemical plant machine operators",7390,51600,59950,"Canada"
"94111 Plastics processing machine operators",13485,40400,43160,"Canada"
"94112 Rubber processing machine operators and related workers",5215,50800,50000,"Canada"
"9412 Machine operators and related workers in pulp and paper production and wood processing and manufacturing",26085,50400,53950,"Canada"
"94120 Sawmill machine operators",6225,47600,49160,"Canada"
"94121 Pulp mill, papermaking and finishing machine operators",5025,82000,81400,"Canada"
"94122 Paper converting machine operators",3565,54800,53700,"Canada"
"94123 Lumber graders and other wood processing inspectors and graders",2540,52400,53600,"Canada"
"94124 Woodworking machine operators",6585,35600,37200,"Canada"
"94129 Other wood processing machine operators",2145,54800,55550,"Canada"
"9413 Machine operators and related workers in textile, fabric, fur and leather products processing and manufacturing",19930,24000,26520,"Canada"
"94130 Textile fibre and yarn, hide and pelt processing machine operators and workers",2720,31800,32400,"Canada"
"94131 Weavers, knitters and other fabric making occupations",2095,29800,31920,"Canada"
"94132 Industrial sewing machine operators",13495,22400,24220,"Canada"
"94133 Inspectors and graders, textile, fabric, fur and leather products manufacturing",1620,27000,28720,"Canada"
"9414 Machine operators and related workers in food, beverage and associated products processing",79225,42000,43000,"Canada"
"94140 Process control and machine operators, food and beverage processing",48305,45200,47360,"Canada"
"94141 Industrial butchers and meat cutters, poultry preparers and related workers",15860,43600,41600,"Canada"
"94142 Fish and seafood plant workers",7370,15300,20580,"Canada"
"94143 Testers and graders, food and beverage processing",7695,37200,40120,"Canada"
"9415 Printing equipment operators and related occupations",13720,36400,37440,"Canada"
"94150 Plateless printing equipment operators",6815,37600,37440,"Canada"
"94151 Camera, platemaking and other prepress occupations",2035,47600,49040,"Canada"
"94152 Binding and finishing machine operators",3590,32800,33960,"Canada"
"94153 Photographic and film processors",1280,24600,28960,"Canada"
"942 Assemblers and inspectors in manufacturing",167610,39200,41760,"Canada"
"9420 Mechanical, electrical and electronics assemblers and inspectors",102980,42000,44480,"Canada"
"94200 Motor vehicle assemblers, inspectors and testers",68960,43600,46320,"Canada"
"94201 Electronics assemblers, fabricators, inspectors and testers",13050,35200,36560,"Canada"
"94202 Assemblers and inspectors, electrical appliance, apparatus and equipment manufacturing",7220,36400,38320,"Canada"
"94203 Assemblers, fabricators and inspectors, industrial electrical motors and transformers",2440,44000,46720,"Canada"
"94204 Mechanical assemblers and inspectors",10445,44400,46040,"Canada"
"94205 Machine operators and inspectors, electrical apparatus manufacturing",870,40400,43700,"Canada"
"9421 Furniture, wood, plastic and other products assemblers, finishers and inspectors",64630,35600,37400,"Canada"
"94210 Furniture and fixture assemblers, finishers, refinishers and inspectors",16770,32400,32400,"Canada"
"94211 Assemblers and inspectors of other wood products",8025,33600,34120,"Canada"
"94212 Plastic products assemblers, finishers and inspectors",4990,36800,36640,"Canada"
"94213 Industrial painters, coaters and metal finishing process operators",15050,44800,47560,"Canada"
"94219 Other products assemblers, finishers and inspectors",19790,32800,35440,"Canada"
"95 Labourers in processing, manufacturing and utilities",251230,29600,32520,"Canada"
"951 Labourers in processing, manufacturing and utilities",251230,29600,32520,"Canada"
"9510 Labourers in processing, manufacturing and utilities",251230,29600,32520,"Canada"
"95100 Labourers in mineral and metal processing",9420,42800,47080,"Canada"
"95101 Labourers in metal fabrication",13225,34800,37240,"Canada"
"95102 Labourers in chemical products processing and utilities",19680,29400,34360,"Canada"
"95103 Labourers in wood, pulp and paper processing",17675,38000,41640,"Canada"
"95104 Labourers in rubber and plastic products manufacturing",9035,33600,35720,"Canada"
"95105 Labourers in textile processing and cutting",5735,23400,26440,"Canada"
"95106 Labourers in food and beverage processing",82620,30600,31760,"Canada"
"95107 Labourers in fish and seafood processing",8710,14900,18640,"Canada"
"95109 Other labourers in processing, manufacturing and utilities",85125,27600,30040,"Canada"
