Occupation - Unit group - National Occupational Classification (NOC) 2021 (819) 10,,,,
Total - Occupation - Unit group - National Occupational Classification (NOC) 2021 14,"475,145","38,000","47,040",Nova Scotia
0 Legislative and senior management occupations,"4,855","99,000","150,800",Nova Scotia
00 Legislative and senior managers,"4,855","99,000","150,800",Nova Scotia
000 Legislative and senior managers,"4,855","99,000","150,800",Nova Scotia
0001 Legislative and senior managers,"4,855","99,000","150,800",Nova Scotia
00010 Legislators,350,"50,400","72,400",Nova Scotia
00018 Seniors managers - public and private sector,"4,505","102,000","156,800",Nova Scotia
"1 Business, finance and administration occupations","73,000","44,800","52,350",Nova Scotia
"10 Specialized middle management occupations in administrative services, financial and business services and communication (except broadcasting)","8,810","75,500","84,900",Nova Scotia
"100 Specialized middle management occupations in administrative services, financial and business services and communication (except broadcasting)","8,810","75,500","84,900",Nova Scotia
1001 Administrative services managers,"4,280","78,500","85,900",Nova Scotia
10010 Financial managers,"1,565","78,000","91,200",Nova Scotia
10011 Human resources managers,"1,125","87,000","87,400",Nova Scotia
10012 Purchasing managers,585,"79,500","84,400",Nova Scotia
10019 Other administrative services managers,"1,005","70,000","77,000",Nova Scotia
1002 Managers in financial and business services,"4,305","73,000","83,100",Nova Scotia
"10020 Insurance, real estate and financial brokerage managers",770,"86,000","104,400",Nova Scotia
"10021 Banking, credit and other investment managers","1,345","81,000","87,900",Nova Scotia
"10022 Advertising, marketing and public relations managers","1,715","68,000","72,600",Nova Scotia
10029 Other business services managers,470,"50,800","72,800",Nova Scotia
1003 Managers in communication (except broadcasting),230,"81,000","98,000",Nova Scotia
10030 Telecommunication carriers managers,230,"81,000","98,000",Nova Scotia
11 Professional occupations in finance and business,"13,745","60,400","74,500",Nova Scotia
111 Professional occupations in finance,"7,275","63,200","86,400",Nova Scotia
"1110 Auditors, accountants and investment professionals","7,275","63,200","86,400",Nova Scotia
11100 Financial auditors and accountants,"3,945","65,000","76,800",Nova Scotia
11101 Financial and investment analysts,830,"59,600","101,000",Nova Scotia
11102 Financial advisors,"1,845","66,000","107,100",Nova Scotia
"11103 Securities agents, investment dealers and brokers",145,"53,200","98,000",Nova Scotia
11109 Other financial officers,510,"55,200","58,200",Nova Scotia
112 Professional occupations in business,"6,475","58,000","61,150",Nova Scotia
1120 Human resources and business service professionals,"6,475","58,000","61,150",Nova Scotia
11200 Human resources professionals,"2,065","69,000","70,500",Nova Scotia
11201 Professional occupations in business management consulting,"1,560","62,000","66,700",Nova Scotia
"11202 Professional occupations in advertising, marketing and public relations","2,845","47,200","51,300",Nova Scotia
12 Administrative and financial supervisors and specialized administrative occupations,"10,815","48,800","50,840",Nova Scotia
120 Administrative and financial supervisors,"1,440","54,400","70,000",Nova Scotia
1201 Administrative and financial supervisors,"1,440","54,400","70,000",Nova Scotia
"12010 Supervisors, general office and administrative support workers",425,"55,200","52,000",Nova Scotia
"12011 Supervisors, finance and insurance office workers",355,"58,000","60,400",Nova Scotia
"12012 Supervisors, library, correspondence and related information workers",110,"40,400","38,500",Nova Scotia
"12013 Supervisors, supply chain, tracking and scheduling coordination occupations",550,"52,800","96,400",Nova Scotia
121 Specialized administrative occupations,"4,845","52,800","51,850",Nova Scotia
1210 Administrative and regulatory occupations,"4,215","54,400","54,200",Nova Scotia
12100 Executive assistants,970,"56,000","57,900",Nova Scotia
12101 Human resources and recruitment officers,715,"48,800","54,800",Nova Scotia
12102 Procurement and purchasing agents and officers,"1,070","55,200","58,800",Nova Scotia
12103 Conference and event planners,505,"18,800","29,100",Nova Scotia
12104 Employment insurance and revenue officers,945,"58,400","58,200",Nova Scotia
"1211 Court reporters, transcriptionists, records management technicians and statistical officers",635,"41,600","36,200",Nova Scotia
"12110 Court reporters, medical transcriptionists and related occupations",340,"15,500","23,400",Nova Scotia
12111 Health information management occupations,130,"55,200","55,000",Nova Scotia
12112 Records management technicians,60,"49,600","62,000",Nova Scotia
12113 Statistical officers and related research support occupations,105,"46,800","40,000",Nova Scotia
"122 Accounting, insurance and related business administrative occupations","4,530","40,000","43,640",Nova Scotia
"1220 Accounting, insurance and related business administrative occupations","4,530","40,000","43,640",Nova Scotia
12200 Accounting technicians and bookkeepers,"2,925","26,200","32,600",Nova Scotia
12201 Insurance adjusters and claims examiners,845,"64,000","63,700",Nova Scotia
12202 Insurance underwriters,505,"60,800","65,600",Nova Scotia
"12203 Assessors, business valuators and appraisers",265,"60,000","60,000",Nova Scotia
13 Administrative occupations and transportation logistics occupations,"18,170","41,200","41,240",Nova Scotia
131 Administrative occupations,"17,325","40,800","40,920",Nova Scotia
"1310 Administrative, property and payroll officers","8,690","43,200","45,200",Nova Scotia
13100 Administrative officers,"6,100","43,600","45,560",Nova Scotia
13101 Property administrators,"1,230","33,600","41,700",Nova Scotia
13102 Payroll administrators,"1,365","47,600","46,920",Nova Scotia
"1311 Office administrative assistants - general, legal and medical","8,635","38,400","36,600",Nova Scotia
13110 Administrative assistants,"6,705","38,400","36,400",Nova Scotia
13111 Legal administrative assistants,975,"43,200","41,600",Nova Scotia
13112 Medical administrative assistants,955,"34,800","33,100",Nova Scotia
132 Transportation and production logistics coordinators and customs brokers and related broker occupations,845,"46,000","47,500",Nova Scotia
1320 Transportation and production logistics coordinators and customs brokers and related broker occupations,845,"46,000","47,500",Nova Scotia
"13200 Customs, ship and other brokers",30,0,"30,000",Nova Scotia
13201 Production and transportation logistics coordinators,815,"46,400","48,200",Nova Scotia
14 Administrative and financial support and supply chain logistics occupations,"21,460","34,800","35,040",Nova Scotia
"141 Office, court, and data support occupations","10,865","29,000","30,120",Nova Scotia
1410 Office support and court services occupations,"8,995","30,000","30,800",Nova Scotia
14100 General office support workers,"5,080","35,600","33,800",Nova Scotia
14101 Receptionists,"3,455","21,200","23,720",Nova Scotia
14102 Personnel clerks,330,"46,000","49,200",Nova Scotia
14103 Court clerks and related court services occupations,130,"57,200","54,000",Nova Scotia
"1411 Survey, statistical and data entry occupations","1,865","21,800","26,840",Nova Scotia
14110 Survey interviewers and statistical clerks,395,"19,400","25,000",Nova Scotia
14111 Data entry clerks,"1,470","22,400","27,200",Nova Scotia
14112 Desktop publishing operators and related occupations,0,0,0,Nova Scotia
"142 Financial, insurance and related administrative support workers","4,655","41,200","41,160",Nova Scotia
"1420 Financial, insurance and related administrative support workers","4,655","41,200","41,160",Nova Scotia
14200 Accounting and related clerks,"4,040","41,200","41,280",Nova Scotia
"14201 Banking, insurance and other financial clerks",435,"40,000","40,400",Nova Scotia
14202 Collection clerks,180,"44,400","40,400",Nova Scotia
"143 Library, correspondence and other clerks","1,040","34,400","34,000",Nova Scotia
"1430 Library, correspondence and other clerks","1,040","34,400","34,000",Nova Scotia
14300 Library assistants and clerks,530,"23,200","26,400",Nova Scotia
"14301 Correspondence, publication and regulatory clerks",515,"44,800","41,800",Nova Scotia
"144 Supply chain logistics, tracking and scheduling coordination occupations","4,900","38,000","40,320",Nova Scotia
"1440 Supply chain logistics, tracking and scheduling coordination occupations","4,900","38,000","40,320",Nova Scotia
14400 Shippers and receivers,"2,125","32,800","35,240",Nova Scotia
14401 Storekeepers and partspersons,985,"40,800","43,200",Nova Scotia
14402 Production logistics workers,160,"54,000","56,000",Nova Scotia
14403 Purchasing and inventory control workers,755,"40,400","39,400",Nova Scotia
14404 Dispatchers,725,"46,000","47,100",Nova Scotia
14405 Transportation route and crew schedulers,145,"50,400","48,000",Nova Scotia
2 Natural and applied sciences and related occupations,"31,810","67,500","69,800",Nova Scotia
"20 Specialized middle management occupations in engineering, architecture, science and information systems","2,340","97,000","105,800",Nova Scotia
"200 Specialized middle management occupations in engineering, architecture, science and information systems","2,340","97,000","105,800",Nova Scotia
"2001 Managers in engineering, architecture, science and information systems","2,340","97,000","105,800",Nova Scotia
20010 Engineering managers,700,"106,000","108,200",Nova Scotia
20011 Architecture and science managers,325,"93,000","97,600",Nova Scotia
20012 Computer and information systems managers,"1,315","96,000","106,600",Nova Scotia
21 Professional occupations in natural and applied sciences,"17,195","71,500","73,600",Nova Scotia
211 Professional occupations in natural sciences,"2,475","67,500","68,900",Nova Scotia
2110 Physical science professionals,725,"73,000","77,800",Nova Scotia
21100 Physicists and astronomers,70,"81,000","74,000",Nova Scotia
21101 Chemists,225,"71,000","73,500",Nova Scotia
21102 Geoscientists and oceanographers,355,"72,000","78,000",Nova Scotia
21103 Meteorologists and climatologists,60,"114,000","100,000",Nova Scotia
21109 Other professional occupations in physical sciences,0,0,0,Nova Scotia
2111 Life science professionals,"1,225","64,000","65,000",Nova Scotia
21110 Biologists and related scientists,"1,065","64,000","65,800",Nova Scotia
21111 Forestry professionals,105,"73,000","66,000",Nova Scotia
"21112 Agricultural representatives, consultants and specialists",55,"50,800","50,000",Nova Scotia
2112 Public and environmental health and safety professionals,520,"67,500","66,000",Nova Scotia
21120 Public and environmental health and safety professionals,520,"67,500","66,000",Nova Scotia
212 Professional occupations in applied sciences (except engineering),"9,810","68,000","69,100",Nova Scotia
"2120 Architects, urban planners and land surveyors","1,020","64,500","67,000",Nova Scotia
21200 Architects,305,"68,500","76,500",Nova Scotia
21201 Landscape architects,30,0,"38,000",Nova Scotia
21202 Urban and land use planners,470,"69,500","68,400",Nova Scotia
21203 Land surveyors,220,"58,000","54,400",Nova Scotia
"2121 Mathematicians, statisticians, actuaries and data scientists",360,"75,000","82,800",Nova Scotia
"21210 Mathematicians, statisticians and actuaries",175,"86,000","88,000",Nova Scotia
21211 Data scientists,185,"70,000","78,000",Nova Scotia
2122 Computer and information systems professionals,"3,870","71,000","70,300",Nova Scotia
21220 Cybersecurity specialists,315,"74,500","78,000",Nova Scotia
21221 Business systems specialists,605,"71,500","71,200",Nova Scotia
21222 Information systems specialists,"2,440","72,000","70,100",Nova Scotia
21223 Database analysts and data administrators,515,"66,500","65,200",Nova Scotia
"2123 Computer, software and Web designers and developers","4,560","66,000","67,600",Nova Scotia
21230 Computer systems developers and programmers,635,"68,000","65,200",Nova Scotia
21231 Software engineers and designers,"1,210","81,000","84,400",Nova Scotia
21232 Software developers and programmers,"1,560","66,000","69,000",Nova Scotia
21233 Web designers,200,"32,400","33,200",Nova Scotia
21234 Web developers and programmers,955,"55,200","52,700",Nova Scotia
213 Professional occupations in engineering,"4,905","80,000","84,800",Nova Scotia
2130 Civil and mechanical engineers,"2,365","80,000","85,400",Nova Scotia
21300 Civil engineers,"1,540","81,000","90,000",Nova Scotia
21301 Mechanical engineers,820,"74,000","76,600",Nova Scotia
"2131 Electrical, electronics and computer engineers","1,295","84,000","84,800",Nova Scotia
21310 Electrical and electronics engineers,900,"84,000","86,400",Nova Scotia
21311 Computer engineers (except software engineers and designers),395,"79,500","81,600",Nova Scotia
2132 Manufacturing and processing engineers,535,"68,500","70,800",Nova Scotia
21320 Chemical engineers,110,"52,800","63,000",Nova Scotia
21321 Industrial and manufacturing engineers,385,"70,000","74,400",Nova Scotia
21322 Metallurgical and materials engineers,35,"58,000","56,000",Nova Scotia
2133 Natural resources engineers,135,"95,000","98,000",Nova Scotia
21330 Mining engineers,45,"91,000","88,000",Nova Scotia
21331 Geological engineers,50,"105,000","100,000",Nova Scotia
21332 Petroleum engineers,35,"75,500","110,000",Nova Scotia
2139 Other engineers,580,"88,000","92,000",Nova Scotia
21390 Aerospace engineers,60,"91,000","96,000",Nova Scotia
21399 Other professional engineers,520,"88,000","91,200",Nova Scotia
22 Technical occupations related to natural and applied sciences,"12,270","58,000","57,700",Nova Scotia
221 Technical occupations related to natural sciences,"1,780","40,800","46,920",Nova Scotia
2210 Technical occupations in physical sciences,310,"42,400","51,600",Nova Scotia
22100 Chemical technologists and technicians,205,"31,600","37,600",Nova Scotia
22101 Geological and mineral technologists and technicians,105,"80,000","79,000",Nova Scotia
2211 Technical occupations in life sciences,"1,470","40,400","45,920",Nova Scotia
22110 Biological technologists and technicians,335,"32,400","35,400",Nova Scotia
22111 Agricultural and fish products inspectors,165,"75,000","64,500",Nova Scotia
22112 Forestry technologists and technicians,235,"66,000","58,400",Nova Scotia
22113 Conservation and fishery officers,225,"78,500","73,000",Nova Scotia
22114 Landscape and horticulture technicians and specialists,515,"23,800","29,400",Nova Scotia
222 Technical occupations related to applied sciences (except engineering),"5,280","57,600","57,000",Nova Scotia
"2221 Technical occupations in architecture, drafting, surveying, geomatics and meteorology","1,280","52,400","49,700",Nova Scotia
22210 Architectural technologists and technicians,185,"50,400","50,800",Nova Scotia
22211 Industrial designers,75,"54,400","50,000",Nova Scotia
22212 Drafting technologists and technicians,505,"44,000","44,000",Nova Scotia
22213 Land survey technologists and technicians,155,"51,600","50,000",Nova Scotia
22214 Technical occupations in geomatics and meteorology,355,"62,400","57,000",Nova Scotia
2222 Technical occupations in computer and information systems,"2,860","56,800","54,750",Nova Scotia
22220 Computer network and web technicians,"1,240","67,000","62,000",Nova Scotia
22221 User support technicians,"1,455","45,600","48,960",Nova Scotia
22222 Information systems testing technicians,165,"52,400","51,200",Nova Scotia
2223 Technical inspectors and regulatory officers,"1,145","67,000","70,800",Nova Scotia
22230 Non-destructive testers and inspectors,205,"77,500","84,000",Nova Scotia
22231 Engineering inspectors and regulatory officers,175,"69,500","76,500",Nova Scotia
22232 Occupational health and safety specialists,420,"58,800","61,000",Nova Scotia
22233 Construction inspectors,345,"67,500","72,000",Nova Scotia
223 Technical occupations related to engineering,"5,215","62,000","62,100",Nova Scotia
"2230 Technical occupations in civil, mechanical and industrial engineering","1,895","63,600","64,400",Nova Scotia
22300 Civil engineering technologists and technicians,330,"61,200","54,000",Nova Scotia
22301 Mechanical engineering technologists and technicians,715,"72,500","68,600",Nova Scotia
22302 Industrial engineering and manufacturing technologists and technicians,295,"65,500","60,800",Nova Scotia
22303 Construction estimators,560,"60,400","66,800",Nova Scotia
2231 Technical occupations in electronics and electrical engineering,"3,315","60,000","60,800",Nova Scotia
22310 Electrical and electronics engineering technologists and technicians,"1,480","69,000","67,400",Nova Scotia
22311 Electronic service technicians (household and business equipment),"1,275","46,000","46,800",Nova Scotia
22312 Industrial instrument technicians and mechanics,120,"75,000","84,000",Nova Scotia
"22313 Aircraft instrument, electrical and avionics mechanics, technicians and inspectors",445,"76,000","72,800",Nova Scotia
3 Health occupations,"44,605","48,400","57,350",Nova Scotia
30 Specialized middle management occupations in health care,"1,030","91,000","91,000",Nova Scotia
300 Specialized middle management occupations in health care,"1,030","91,000","91,000",Nova Scotia
3001 Managers in health care,"1,030","91,000","91,000",Nova Scotia
30010 Managers in health care,"1,030","91,000","91,000",Nova Scotia
31 Professional occupations in health,"19,055","79,500","79,000",Nova Scotia
311 Health treating and consultation services professionals,"5,315","87,000","105,500",Nova Scotia
3110 Physicians and veterinarians,"2,795","97,000","128,400",Nova Scotia
31100 Specialists in clinical and laboratory medicine,960,"123,000","144,800",Nova Scotia
31101 Specialists in surgery,325,"116,000","154,000",Nova Scotia
31102 General practitioners and family physicians,"1,210","98,000","120,600",Nova Scotia
31103 Veterinarians,305,"81,000","80,000",Nova Scotia
"3111 Dentists, optometrists and audiologists",900,"85,000","89,800",Nova Scotia
31110 Dentists,435,"99,000","104,400",Nova Scotia
31111 Optometrists,145,"95,000","94,000",Nova Scotia
31112 Audiologists and speech-language pathologists,320,"78,500","68,500",Nova Scotia
3112 Pharmacists and dietitians,"1,620","82,000","74,700",Nova Scotia
31120 Pharmacists,"1,205","85,000","78,600",Nova Scotia
31121 Dietitians and nutritionists,415,"72,000","63,200",Nova Scotia
312 Therapy and assessment professionals,"2,290","68,000","64,200",Nova Scotia
3120 Therapy and assessment professionals,"2,290","68,000","64,200",Nova Scotia
31200 Psychologists,540,"85,000","86,800",Nova Scotia
31201 Chiropractors,185,"45,200","45,200",Nova Scotia
31202 Physiotherapists,755,"70,500","65,800",Nova Scotia
31203 Occupational therapists,425,"70,000","61,200",Nova Scotia
31204 Kinesiologists and other professional occupations in therapy and assessment,285,"46,400","43,600",Nova Scotia
31209 Other professional occupations in health diagnosing and treating,105,"27,600","37,500",Nova Scotia
313 Nursing and allied health professionals,"11,450","77,000","69,600",Nova Scotia
3130 Nursing and allied health professionals,"11,450","77,000","69,600",Nova Scotia
31300 Nursing coordinators and supervisors,490,"83,000","74,400",Nova Scotia
31301 Registered nurses and registered psychiatric nurses,"10,635","75,500","68,700",Nova Scotia
31302 Nurse practitioners,215,"109,000","102,000",Nova Scotia
"31303 Physician assistants, midwives and allied health professionals",110,"88,000","82,000",Nova Scotia
32 Technical occupations in health,"10,355","48,800","49,120",Nova Scotia
321 Technical occupations in health (except practitioners of natural healing),"9,015","53,200","53,000",Nova Scotia
3210 Technical occupations in therapy and assessment,"5,760","56,000","54,350",Nova Scotia
32100 Opticians,250,"42,400","45,200",Nova Scotia
32101 Licensed practical nurses,"2,895","58,800","53,600",Nova Scotia
32102 Paramedical occupations,"1,195","75,500","73,800",Nova Scotia
"32103 Respiratory therapists, clinical perfusionists and cardiopulmonary technologists",355,"74,500","69,600",Nova Scotia
32104 Animal health technologists and veterinary technicians,655,"29,000","28,350",Nova Scotia
32109 Other technical occupations in therapy and assessment,415,"42,400","37,600",Nova Scotia
3211 Technical occupations in dental health care,960,"42,000","39,700",Nova Scotia
32110 Denturists,40,"31,600","20,000",Nova Scotia
32111 Dental hygienists and dental therapists,765,"44,000","41,600",Nova Scotia
32112 Dental technologists and technicians,155,"36,800","36,000",Nova Scotia
3212 Medical technologists and technicians,"2,295","58,000","55,050",Nova Scotia
32120 Medical laboratory technologists,725,"74,000","65,800",Nova Scotia
32121 Medical radiation technologists,505,"76,000","67,600",Nova Scotia
32122 Medical sonographers,155,"62,000","59,000",Nova Scotia
32123 Cardiology technologists and electrophysiological diagnostic technologists,80,"60,000","52,000",Nova Scotia
32124 Pharmacy technicians,685,"36,400","35,700",Nova Scotia
32129 Other medical technologists and technicians,140,"44,800","46,000",Nova Scotia
322 Practitioners of natural healing,"1,340","20,200","23,260",Nova Scotia
3220 Practitioners of natural healing,"1,340","20,200","23,260",Nova Scotia
32200 Traditional Chinese medicine practitioners and acupuncturists,115,"12,000","14,200",Nova Scotia
32201 Massage therapists,"1,080","22,200","24,480",Nova Scotia
32209 Other practitioners of natural healing,145,"9,200","21,200",Nova Scotia
33 Assisting occupations in support of health services,"14,165","32,400","31,760",Nova Scotia
331 Assisting occupations in support of health services,"14,165","32,400","31,760",Nova Scotia
3310 Assisting occupations in support of health services,"14,165","32,400","31,760",Nova Scotia
33100 Dental assistants and dental laboratory assistants,825,"29,600","31,150",Nova Scotia
33101 Medical laboratory assistants and related technical occupations,595,"44,400","41,800",Nova Scotia
"33102 Nurse aides, orderlies and patient service associates","10,760","33,200","31,360",Nova Scotia
33103 Pharmacy technical assistants and pharmacy assistants,925,"25,600","26,350",Nova Scotia
33109 Other assisting occupations in support of health services,"1,065","31,200","35,200",Nova Scotia
"4 Occupations in education, law and social, community and government services","67,460","54,800","58,950",Nova Scotia
"40 Managers in public administration, in education and social and community services and in public protection services","5,385","90,000","87,500",Nova Scotia
"400 Managers in public administration, in education and social and community services and in public protection services","5,385","90,000","87,500",Nova Scotia
4001 Managers in public administration,810,"100,000","96,600",Nova Scotia
40010 Government managers - health and social policy development and program administration,245,"92,000","92,000",Nova Scotia
"40011 Government managers - economic analysis, policy development and program administration",345,"106,000","104,800",Nova Scotia
40012 Government managers - education policy development and program administration,80,"98,000","94,000",Nova Scotia
40019 Other managers in public administration,140,"94,000","86,000",Nova Scotia
4002 Managers in education,"1,530","99,000","93,700",Nova Scotia
40020 Administrators - post-secondary education and vocational training,675,"79,500","89,000",Nova Scotia
40021 School principals and administrators of elementary and secondary education,855,"102,000","97,200",Nova Scotia
"4003 Managers in social, community and correctional services",935,"58,800","60,400",Nova Scotia
"40030 Managers in social, community and correctional services",935,"58,800","60,400",Nova Scotia
4004 Managers in public protection services,"2,105","90,000","91,500",Nova Scotia
40040 Commissioned police officers and related occupations in public protection services,45,"97,000","108,000",Nova Scotia
40041 Fire chiefs and senior firefighting officers,60,"139,000","116,000",Nova Scotia
40042 Commissioned officers of the Canadian Armed Forces,"2,005","89,000","90,500",Nova Scotia
"41 Professional occupations in law, education, social, community and government services","33,025","67,500","66,400",Nova Scotia
411 Professional occupations in law,"2,165","106,000","130,200",Nova Scotia
"4110 Judges, lawyers and Quebec notaries","2,165","106,000","130,200",Nova Scotia
41100 Judges,130,"336,000","288,000",Nova Scotia
41101 Lawyers and Quebec notaries,"2,035","102,000","120,100",Nova Scotia
412 Professional occupations in education services,"19,845","68,500","62,400",Nova Scotia
4120 University professors and post-secondary assistants,"6,020","42,800","63,250",Nova Scotia
41200 University professors and lecturers,"3,115","105,000","101,300",Nova Scotia
41201 Post-secondary teaching and research assistants,"2,910","10,800","22,500",Nova Scotia
4121 College and other vocational instructors,"2,300","62,400","62,500",Nova Scotia
41210 College and other vocational instructors,"2,300","62,400","62,500",Nova Scotia
"4122 Secondary, elementary and kindergarten school teachers","11,530","74,500","61,950",Nova Scotia
41220 Secondary school teachers,"3,655","76,000","65,400",Nova Scotia
41221 Elementary school and kindergarten teachers,"7,870","72,500","60,300",Nova Scotia
413 Professional occupations in social and community services,"5,160","58,000","57,850",Nova Scotia
4130 Social and community service professionals,"3,825","58,400","57,500",Nova Scotia
41300 Social workers,"2,075","72,000","66,200",Nova Scotia
41301 Therapists in counselling and related specialized therapies,760,"49,200","49,700",Nova Scotia
41302 Religious leaders,990,"43,200","45,200",Nova Scotia
4131 Police investigators and probation officers,200,"88,000","84,000",Nova Scotia
41310 Police investigators and other investigative occupations,45,"112,000","104,000",Nova Scotia
41311 Probation and parole officers,155,"84,000","78,000",Nova Scotia
4132 Educational and employment counsellors,"1,135","51,600","54,400",Nova Scotia
41320 Educational counsellors,805,"65,000","60,800",Nova Scotia
41321 Career development practitioners and career counsellors (except education),330,"41,200","39,000",Nova Scotia
414 Professional occupations in government services,"5,850","64,500","64,000",Nova Scotia
"4140 Policy and program researchers, consultants and officers","5,850","64,500","64,000",Nova Scotia
"41400 Natural and applied science policy researchers, consultants and program officers","1,015","68,000","70,000",Nova Scotia
41401 Economists and economic policy researchers and analysts,315,"71,000","72,500",Nova Scotia
41402 Business development officers and market researchers and analysts,940,"67,000","67,000",Nova Scotia
"41403 Social policy researchers, consultants and program officers","1,150","66,000","63,800",Nova Scotia
"41404 Health policy researchers, consultants and program officers",730,"70,000","66,800",Nova Scotia
"41405 Education policy researchers, consultants and program officers",830,"60,800","62,200",Nova Scotia
"41406 Recreation, sports and fitness policy researchers, consultants and program officers",390,"42,000","38,800",Nova Scotia
41407 Program officers unique to government,335,"60,800","58,400",Nova Scotia
41409 Other professional occupations in social science,150,"66,000","65,000",Nova Scotia
"42 Front-line public protection services and paraprofessional occupations in legal, social, community, education services","14,890","40,400","48,880",Nova Scotia
421 Occupations in front-line public protection services,"3,215","104,000","99,400",Nova Scotia
4210 Occupations in front-line public protection services,"3,215","104,000","99,400",Nova Scotia
42100 Police officers (except commissioned),"2,010","108,000","104,000",Nova Scotia
42101 Firefighters,820,"103,000","99,000",Nova Scotia
42102 Specialized members of the Canadian Armed Forces,385,"79,500","75,600",Nova Scotia
"422 Paraprofessional occupations in legal, social, community and education services","11,680","34,800","35,000",Nova Scotia
"4220 Paraprofessional occupations in legal, social, community and education services","11,680","34,800","35,000",Nova Scotia
42200 Paralegals and related occupations,820,"45,200","45,100",Nova Scotia
42201 Social and community service workers,"5,585","42,400","41,080",Nova Scotia
42202 Early childhood educators and assistants,"4,795","26,200","25,200",Nova Scotia
42203 Instructors of persons with disabilities,360,"46,400","48,600",Nova Scotia
42204 Religion workers,120,"26,200","33,000",Nova Scotia
43 Assisting occupations in education and in legal and public protection,"9,825","49,200","50,360",Nova Scotia
431 Assisting occupations in educational,"4,310","24,200","23,740",Nova Scotia
4310 Assisting occupations in education,"4,310","24,200","23,740",Nova Scotia
43100 Elementary and secondary school teacher assistants,"3,620","25,200","24,580",Nova Scotia
43109 Other instructors,690,"12,500","19,320",Nova Scotia
432 Assisting occupations in legal and public protection,"5,510","73,500","71,100",Nova Scotia
4320 Assisting occupations in legal and public protection,"5,510","73,500","71,100",Nova Scotia
43200 Sheriffs and bailiffs,325,"63,200","59,200",Nova Scotia
43201 Correctional service officers,680,"80,000","76,800",Nova Scotia
43202 By-law enforcement and other regulatory officers,240,"67,000","62,400",Nova Scotia
"43203 Border services, customs, and immigration officers",295,"69,000","67,000",Nova Scotia
43204 Operations members of the Canadian Armed Forces,"3,980","74,500","72,000",Nova Scotia
44 Care providers and legal and public protection support occupations,"3,320","19,600","24,080",Nova Scotia
441 Home care provider occupations,"2,830","17,400","22,120",Nova Scotia
4410 Home care provider occupations,"2,830","17,400","22,120",Nova Scotia
44100 Home child care providers,"1,025","7,300","12,700",Nova Scotia
"44101 Home support workers, caregivers and related occupations","1,800","27,200","27,480",Nova Scotia
442 Primary combat members of the Canadian Armed Forces,485,"34,400","35,600",Nova Scotia
4420 Primary combat members of the Canadian Armed Forces,485,"34,400","35,600",Nova Scotia
44200 Primary combat members of the Canadian Armed Forces,485,"34,400","35,600",Nova Scotia
"45 Student monitors, crossing guards and related occupations","1,015","6,240","8,660",Nova Scotia
"451 Student monitors, crossing guards and related occupations","1,015","6,240","8,660",Nova Scotia
"4510 Student monitors, crossing guards and related occupations","1,015","6,240","8,660",Nova Scotia
"45100 Student monitors, crossing guards and related occupations","1,015","6,240","8,660",Nova Scotia
"5 Occupations in art, culture, recreation and sport","13,165","17,000","30,800",Nova Scotia
"50 Specialized middle management occupations in art, culture, recreation and sport",745,"44,800","52,100",Nova Scotia
"500 Specialized middle management occupations in art, culture, recreation and sport",745,"44,800","52,100",Nova Scotia
"5001 Managers in art, culture, recreation and sport",745,"44,800","52,100",Nova Scotia
"50010 Library, archive, museum and art gallery managers",135,"48,800","64,000",Nova Scotia
"50011 Managers - publishing, motion pictures, broadcasting and performing arts",185,"42,400","50,400",Nova Scotia
"50012 Recreation, sports and fitness program and service directors",425,"44,800","49,200",Nova Scotia
51 Professional occupations in art and culture,"3,300","29,600","36,760",Nova Scotia
511 Professional occupations in art and culture,"3,300","29,600","36,760",Nova Scotia
"5110 Librarians, archivists, conservators and curators",385,"65,000","61,600",Nova Scotia
51100 Librarians,250,"66,500","65,500",Nova Scotia
51101 Conservators and curators,70,"53,200","50,000",Nova Scotia
51102 Archivists,60,"67,000","58,000",Nova Scotia
"5111 Writing, translating and related communications professionals","1,560","29,400","36,080",Nova Scotia
51110 Editors,310,"39,200","39,200",Nova Scotia
51111 Authors and writers (except technical),575,"11,300","24,300",Nova Scotia
51112 Technical writers,190,"47,600","50,400",Nova Scotia
51113 Journalists,315,"45,200","46,000",Nova Scotia
"51114 Translators, terminologists and interpreters",170,"30,800","36,400",Nova Scotia
5112 Creative and performing artists,"1,360","14,900","30,520",Nova Scotia
"51120 Producers, directors, choreographers and related occupations",550,"50,800","51,200",Nova Scotia
"51121 Conductors, composers and arrangers",65,"10,300","30,000",Nova Scotia
51122 Musicians and singers,745,"8,500","15,360",Nova Scotia
"52 Technical occupations in art, culture and sport","3,435","38,800","44,680",Nova Scotia
521 Technical occupations in art and culture,"3,435","38,800","44,680",Nova Scotia
5210 Technical occupations in libraries and public archives,365,"34,800","32,400",Nova Scotia
52100 Library and public archive technicians,365,"34,800","32,400",Nova Scotia
"5211 Technical occupations in motion pictures, broadcasting and the performing arts","1,270","44,400","53,800",Nova Scotia
52110 Film and video camera operators,125,"26,800","35,500",Nova Scotia
52111 Graphic arts technicians,115,"43,200","41,000",Nova Scotia
52112 Broadcast technicians,40,"50,400","54,000",Nova Scotia
52113 Audio and video recording technicians,335,"15,500","26,100",Nova Scotia
52114 Announcers and other broadcasters,150,"39,200","45,000",Nova Scotia
"52119 Other technical and coordinating occupations in motion pictures, broadcasting and the performing arts",510,"74,500","81,600",Nova Scotia
5212 Graphic and interior designers,"1,800","37,200","40,760",Nova Scotia
52120 Graphic designers and illustrators,"1,475","38,400","41,000",Nova Scotia
52121 Interior designers and interior decorators,320,"34,000","39,800",Nova Scotia
"53 Occupations in art, culture and sport","3,085","9,600","19,340",Nova Scotia
531 Occupations in art and culture,"2,665","8,600","17,040",Nova Scotia
5310 Occupations related to museums and art galleries,430,"13,600","17,000",Nova Scotia
"53100 Registrars, restorers, interpreters and other occupations related to museum and art galleries",430,"13,600","17,000",Nova Scotia
5311 Photographers and support occupations in arts and culture,620,"14,300","23,400",Nova Scotia
53110 Photographers,405,"11,900","19,400",Nova Scotia
"53111 Motion pictures, broadcasting, photography and performing arts assistants and operators",220,"26,200","30,800",Nova Scotia
5312 Occupations in creative and performing art,"1,615","5,880","14,600",Nova Scotia
53120 Dancers,205,"5,880","12,500",Nova Scotia
"53121 Actors, comedians and circus performers",190,"10,600","23,800",Nova Scotia
"53122 Painters, sculptors and other visual artists",480,"3,000","10,880",Nova Scotia
"53123 Theatre, fashion, exhibit and other creative designers",175,"11,500","18,800",Nova Scotia
53124 Artisans and craftspersons,540,"6,120","13,950",Nova Scotia
"53125 Patternmakers - textile, leather and fur products",20,0,"18,000",Nova Scotia
532 Occupations in sports,420,"20,200","34,000",Nova Scotia
"5320 Athletes, coaches, referees and related occupations",420,"20,200","34,000",Nova Scotia
53200 Athletes,40,"20,200","44,000",Nova Scotia
53201 Coaches,325,"31,600","37,400",Nova Scotia
53202 Sports officials and referees,55,"4,440","7,200",Nova Scotia
54 Support occupations in sport,"2,540","5,720","12,330",Nova Scotia
541 Support occupations in sport,"2,540","5,720","12,330",Nova Scotia
"5410 Program leaders and instructors in recreation, sport and fitness","2,540","5,720","12,330",Nova Scotia
"54100 Program leaders and instructors in recreation, sport and fitness","2,540","5,720","12,330",Nova Scotia
55 Support occupations in art and culture,45,"5,160","12,400",Nova Scotia
551 Support occupations in art and culture,45,"5,160","12,400",Nova Scotia
5510 Support occupations in art and culture,45,"5,160","12,400",Nova Scotia
55109 Other performers,45,"5,160","12,400",Nova Scotia
6 Sales and service occupations,"123,320","20,000","28,760",Nova Scotia
60 Middle management occupations in retail and wholesale trade and customer services,"17,205","44,400","55,650",Nova Scotia
600 Middle management occupations in retail and wholesale trade and customer services,"17,205","44,400","55,650",Nova Scotia
6001 Corporate sales managers,"1,565","92,000","100,200",Nova Scotia
60010 Corporate sales managers,"1,565","92,000","100,200",Nova Scotia
6002 Retail and wholesale trade managers,"10,710","47,200","58,700",Nova Scotia
60020 Retail and wholesale trade managers,"10,710","47,200","58,700",Nova Scotia
6003 Managers in food service and accommodation,"4,375","30,200","34,760",Nova Scotia
60030 Restaurant and food service managers,"3,515","31,000","35,640",Nova Scotia
60031 Accommodation service managers,860,"24,200","31,100",Nova Scotia
6004 Managers in customer and personal services,560,"30,600","36,400",Nova Scotia
60040 Managers in customer and personal services,560,"30,600","36,400",Nova Scotia
62 Retail sales and service supervisors and specialized occupations in sales and services,"9,575","28,400","37,480",Nova Scotia
620 Retail sales and service supervisors,"5,655","26,400","30,360",Nova Scotia
6201 Retail sales supervisors,"2,020","26,400","31,120",Nova Scotia
62010 Retail sales supervisors,"2,020","26,400","31,120",Nova Scotia
6202 Service supervisors,"3,635","26,400","29,920",Nova Scotia
62020 Food service supervisors,"2,335","23,400","26,560",Nova Scotia
62021 Executive housekeepers,40,"26,600","30,000",Nova Scotia
"62022 Accommodation, travel, tourism and related services supervisors",165,"25,200","27,000",Nova Scotia
62023 Customer and information services supervisors,465,"41,600","46,400",Nova Scotia
62024 Cleaning supervisors,360,"28,000","31,600",Nova Scotia
62029 Other services supervisors,260,"34,000","30,400",Nova Scotia
621 Specialized sales occupations,"2,195","52,000","63,150",Nova Scotia
6210 Technical sales specialists in wholesale trade and retail and wholesale buyers,"2,195","52,000","63,150",Nova Scotia
62100 Technical sales specialists - wholesale trade,"1,280","73,000","84,200",Nova Scotia
62101 Retail and wholesale buyers,910,"25,000","33,500",Nova Scotia
622 Specialized services occupations,"1,730","23,200","28,160",Nova Scotia
6220 Specialized occupations in services,"1,730","23,200","28,160",Nova Scotia
62200 Chefs,"1,470","21,800","26,320",Nova Scotia
62201 Funeral directors and embalmers,210,"44,000","44,000",Nova Scotia
"62202 Jewellers, jewellery and watch repairers and related occupations",45,"4,680","12,400",Nova Scotia
63 Occupations in sales and services,"15,465","20,400","29,680",Nova Scotia
631 Occupations in sales,"4,665","47,600","53,450",Nova Scotia
"6310 Insurance, real estate and financial sales occupations","4,665","47,600","53,450",Nova Scotia
63100 Insurance agents and brokers,"2,150","47,600","52,650",Nova Scotia
63101 Real estate agents and salespersons,"1,160","31,600","51,100",Nova Scotia
63102 Financial sales representatives,"1,355","50,400","56,650",Nova Scotia
632 Occupations in services,"10,800","15,300","19,420",Nova Scotia
"6320 Cooks, butchers and bakers","7,035","17,400","21,120",Nova Scotia
63200 Cooks,"5,465","16,800","20,740",Nova Scotia
63201 Butchers - retail and wholesale,135,"26,800","35,000",Nova Scotia
63202 Bakers,"1,430","17,800","21,180",Nova Scotia
6321 Hairstylists and estheticians,"3,710","12,600","16,120",Nova Scotia
63210 Hairstylists and barbers,"2,570","11,900","15,140",Nova Scotia
"63211 Estheticians, electrologists and related occupations","1,140","14,200","18,360",Nova Scotia
"6322 Shoe repairers, shoemakers and upholsterers",55,"18,200","24,000",Nova Scotia
63220 Shoe repairers and shoemakers,20,0,"20,000",Nova Scotia
63221 Upholsterers,35,"18,600","26,000",Nova Scotia
64 Sales and service representatives and other customer and personal services occupations,"34,050","21,800","28,000",Nova Scotia
641 Retail salespersons and non-technical wholesale trade sales and account representatives,"18,205","18,200","27,880",Nova Scotia
6410 Retail salespersons and non-technical wholesale trade sales and account representatives,"18,205","18,200","27,880",Nova Scotia
64100 Retail salespersons and visual merchandisers,"16,905","17,000","25,180",Nova Scotia
64101 Sales and account representatives - wholesale trade (non-technical),"1,300","53,600","63,250",Nova Scotia
642 Occupations in personal service,225,"6,240","12,500",Nova Scotia
6420 Occupations in personal service,225,"6,240","12,500",Nova Scotia
"64200 Tailors, dressmakers, furriers and milliners",200,"9,400","13,900",Nova Scotia
"64201 Image, social and other personal consultants",25,0,900,Nova Scotia
"643 Occupations in food, accommodation and tourism","3,150","13,900","20,160",Nova Scotia
6430 Occupations in food and beverage service,"1,395","9,100","12,640",Nova Scotia
64300 Maîtres d'hôtel and hosts/hostesses,375,"5,520","8,760",Nova Scotia
64301 Bartenders,"1,020","11,700","14,080",Nova Scotia
6431 Occupations in travel and accommodation,"1,580","22,400","27,800",Nova Scotia
64310 Travel counsellors,435,"19,600","23,700",Nova Scotia
64311 Pursers and flight attendants,245,"51,200","45,600",Nova Scotia
64312 Airline ticket and service agents,285,"34,000","38,000",Nova Scotia
"64313 Ground and water transport ticket agents, cargo service representatives and related clerks",45,"41,600","37,000",Nova Scotia
64314 Hotel front desk clerks,570,"15,900","17,500",Nova Scotia
6432 Tourism and amusement services occupations,180,"8,100","11,300",Nova Scotia
64320 Tour and travel guides,95,"7,250","11,200",Nova Scotia
64321 Casino workers,55,"12,000","12,000",Nova Scotia
64322 Outdoor sport and recreational guides,25,0,"10,000",Nova Scotia
"644 Occupations in customer, information and protective services","12,470","29,000","30,480",Nova Scotia
6440 Customer and information services representatives,"9,125","29,400","30,760",Nova Scotia
64400 Customer services representatives - financial institutions,"1,590","32,000","32,960",Nova Scotia
64401 Postal services representatives,125,"30,400","30,800",Nova Scotia
64409 Other customer and information services representatives,"7,410","28,800","30,280",Nova Scotia
6441 Security guards and related security service occupations,"3,345","27,400","29,680",Nova Scotia
64410 Security guards and related security service occupations,"3,345","27,400","29,680",Nova Scotia
65 Sales and service support occupations,"47,015","12,600","17,400",Nova Scotia
651 Sales support occupations,"18,390","11,900","16,260",Nova Scotia
6510 Cashiers and other sales support occupations,"18,390","11,900","16,260",Nova Scotia
65100 Cashiers,"11,520","10,400","14,480",Nova Scotia
65101 Service station attendants,230,"13,200","17,400",Nova Scotia
"65102 Store shelf stockers, clerks and order fillers","5,855","15,700","19,360",Nova Scotia
65109 Other sales related occupations,785,"10,700","18,800",Nova Scotia
"652 Support occupations in food, accommodation and tourism","16,430","10,500","14,520",Nova Scotia
6520 Food support occupations,"14,615","10,600","14,340",Nova Scotia
65200 Food and beverage servers,"3,305","9,700","12,470",Nova Scotia
"65201 Food counter attendants, kitchen helpers and related support occupations","11,015","10,700","14,520",Nova Scotia
65202 Meat cutters and fishmongers - retail and wholesale,290,"29,000","28,600",Nova Scotia
"6521 Support occupations in accommodation, travel, tourism and amusement services","1,070","8,600","15,360",Nova Scotia
"65210 Support occupations in accommodation, travel and facilities set-up services",55,"7,350","12,000",Nova Scotia
"65211 Operators and attendants in amusement, recreation and sport","1,015","8,600","15,560",Nova Scotia
6522 Support occupations in personal services,750,"10,600","16,960",Nova Scotia
65220 Pet groomers and animal care workers,705,"12,000","17,800",Nova Scotia
65229 Other support occupations in personal services,45,"2,600","4,400",Nova Scotia
653 Support occupations in cleaning and related services,"12,195","20,800","23,000",Nova Scotia
6531 Cleaners,"10,985","20,600","22,920",Nova Scotia
65310 Light duty cleaners,"7,110","17,600","20,540",Nova Scotia
65311 Specialized cleaners,865,"20,800","23,320",Nova Scotia
"65312 Janitors, caretakers and heavy-duty cleaners","3,015","27,800","28,360",Nova Scotia
6532 Service support and related occupations,"1,205","21,200","23,800",Nova Scotia
"65320 Dry cleaning, laundry and related occupations",595,"28,400","27,100",Nova Scotia
65329 Other service support occupations,610,"15,300","20,600",Nova Scotia
"7 Trades, transport and equipment operators and related occupations","79,760","41,200","45,800",Nova Scotia
70 Middle management occupations in trades and transportation,"5,290","62,800","67,300",Nova Scotia
700 Middle management occupations in trades and transportation,"5,290","62,800","67,300",Nova Scotia
7001 Managers in construction and facility operation and maintenance,"4,360","60,800","65,400",Nova Scotia
70010 Construction managers,"1,955","73,500","75,600",Nova Scotia
70011 Home building and renovation managers,650,"24,600","33,500",Nova Scotia
70012 Facility operation and maintenance managers,"1,750","59,600","65,900",Nova Scotia
7002 Managers in transportation and postal and courier services,935,"70,500","75,800",Nova Scotia
70020 Managers in transportation,825,"69,500","76,200",Nova Scotia
70021 Postal and courier services managers,115,"73,000","73,000",Nova Scotia
72 Technical trades and transportation officers and controllers,"34,325","48,800","52,750",Nova Scotia
720 Technical trades contractors and supervisors,"4,885","57,600","63,200",Nova Scotia
"7201 Contractors and supervisors, technical industrial, electrical and construction trades and related workers","2,555","55,200","62,100",Nova Scotia
"72010 Contractors and supervisors, machining, metal forming, shaping and erecting trades and related occupations",350,"66,500","71,600",Nova Scotia
"72011 Contractors and supervisors, electrical trades and telecommunications occupations",525,"62,800","70,000",Nova Scotia
"72012 Contractors and supervisors, pipefitting trades",225,"73,500","80,000",Nova Scotia
"72013 Contractors and supervisors, carpentry trades",565,"44,000","45,400",Nova Scotia
"72014 Contractors and supervisors, other construction trades, installers, repairers and servicers",895,"48,400","59,700",Nova Scotia
"7202 Contractors and supervisors, technical maintenance trades and heavy equipment and transport operators","2,330","61,200","64,400",Nova Scotia
"72020 Contractors and supervisors, mechanic trades",570,"66,500","69,600",Nova Scotia
"72021 Contractors and supervisors, heavy equipment operator crews","1,100","66,000","68,800",Nova Scotia
"72022 Supervisors, printing and related occupations",30,"70,000","68,000",Nova Scotia
"72023 Supervisors, railway transport operations",0,0,0,Nova Scotia
"72024 Supervisors, motor transport and other ground transit operators",255,"56,000","56,000",Nova Scotia
"72025 Supervisors, mail and message distribution occupations",355,"50,000","47,600",Nova Scotia
721 Technical industrial trades,"3,870","51,600","50,600",Nova Scotia
"7210 Machining, metal forming, shaping and erecting trades","3,870","51,600","50,600",Nova Scotia
72100 Machinists and machining and tooling inspectors,695,"58,000","58,500",Nova Scotia
72101 Tool and die makers,50,"55,600","52,000",Nova Scotia
72102 Sheet metal workers,525,"42,000","42,800",Nova Scotia
72103 Boilermakers,175,"37,600","51,200",Nova Scotia
72104 Structural metal and platework fabricators and fitters,295,"56,800","54,800",Nova Scotia
72105 Ironworkers,355,"52,400","54,200",Nova Scotia
72106 Welders and related machine operators,"1,770","48,400","48,320",Nova Scotia
722 Technical electrical trades,"4,475","52,400","55,300",Nova Scotia
7220 Technical electrical trades and electrical power line and telecommunications workers,"4,475","52,400","55,300",Nova Scotia
72200 Electricians (except industrial and power system),"2,560","44,000","45,440",Nova Scotia
72201 Industrial electricians,680,"72,500","71,200",Nova Scotia
72202 Power system electricians,50,"89,000","88,000",Nova Scotia
72203 Electrical power line and cable workers,390,"93,000","92,800",Nova Scotia
72204 Telecommunications line and cable installers and repairers,305,"46,000","46,000",Nova Scotia
72205 Telecommunications equipment installation and cable television service technicians,490,"54,400","58,000",Nova Scotia
723 Technical construction trades,"8,640","33,600","36,760",Nova Scotia
"7230 Plumbers, pipefitters and gas fitters","2,035","48,800","49,720",Nova Scotia
72300 Plumbers,"1,170","45,600","45,600",Nova Scotia
"72301 Steamfitters, pipefitters and sprinkler system installers",725,"52,000","54,600",Nova Scotia
72302 Gas fitters,140,"56,800","59,000",Nova Scotia
7231 Carpenters and cabinetmakers,"5,895","29,200","32,280",Nova Scotia
72310 Carpenters,"5,635","28,800","32,080",Nova Scotia
72311 Cabinetmakers,255,"39,200","36,800",Nova Scotia
7232 Bricklayers and insulators,710,"32,000","36,900",Nova Scotia
72320 Bricklayers,365,"31,800","34,600",Nova Scotia
72321 Insulators,345,"35,200","39,400",Nova Scotia
724 Technical maintenance trades,"10,195","51,600","53,300",Nova Scotia
7240 Machinery and transportation equipment mechanics (except motor vehicles),"4,110","64,500","65,500",Nova Scotia
72400 Construction millwrights and industrial mechanics,"1,425","67,000","66,500",Nova Scotia
72401 Heavy-duty equipment mechanics,955,"65,000","71,000",Nova Scotia
"72402 Heating, refrigeration and air conditioning mechanics",665,"55,600","56,300",Nova Scotia
72403 Railway carmen/women,20,0,"70,000",Nova Scotia
72404 Aircraft mechanics and aircraft inspectors,920,"63,600","63,300",Nova Scotia
72405 Machine fitters,40,"51,600","60,000",Nova Scotia
72406 Elevator constructors and mechanics,80,"88,000","88,000",Nova Scotia
7241 Automotive service technicians,"5,120","43,200","44,720",Nova Scotia
"72410 Automotive service technicians, truck and bus mechanics and mechanical repairers","4,270","44,400","46,040",Nova Scotia
"72411 Auto body collision, refinishing and glass technicians and damage repair estimators",850,"34,400","38,200",Nova Scotia
7242 Small engine and equipment mechanics and related repairers (including electrical components),960,"44,000","46,800",Nova Scotia
72420 Oil and solid fuel heating mechanics,280,"47,600","49,200",Nova Scotia
72421 Appliance servicers and repairers,125,"32,000","32,000",Nova Scotia
72422 Electrical mechanics,90,"51,200","52,000",Nova Scotia
"72423 Motorcycle, all-terrain vehicle and other related mechanics",355,"55,600","55,200",Nova Scotia
72429 Other small engine and small equipment repairers,115,"15,300","28,400",Nova Scotia
725 Technical equipment operation trades,405,"71,500","71,200",Nova Scotia
7250 Crane operators and water well drillers,405,"71,500","71,200",Nova Scotia
72500 Crane operators,365,"75,000","72,400",Nova Scotia
72501 Water well drillers,35,"68,500","60,000",Nova Scotia
726 Transportation officers and controllers,"1,500","91,000","101,500",Nova Scotia
7260 Transportation officers and controllers,"1,500","91,000","101,500",Nova Scotia
"72600 Air pilots, flight engineers and flying instructors",480,"110,000","117,200",Nova Scotia
72601 Air traffic controllers and related occupations,155,"66,000","78,000",Nova Scotia
"72602 Deck officers, water transport",645,"91,000","99,400",Nova Scotia
"72603 Engineer officers, water transport",190,"92,000","90,000",Nova Scotia
72604 Railway traffic controllers and marine traffic regulators,35,"82,000","90,000",Nova Scotia
729 Other technical trades,360,"44,800","46,600",Nova Scotia
7299 Other technical trades,360,"44,800","46,600",Nova Scotia
72999 Other technical trades and related occupations,360,"44,800","46,600",Nova Scotia
73 General trades,"20,645","37,200","39,800",Nova Scotia
731 General construction trades,"2,910","25,200","28,560",Nova Scotia
"7310 Concrete finishers, tilesetters and plasterers",755,"30,600","34,100",Nova Scotia
73100 Concrete finishers,110,"35,200","32,000",Nova Scotia
73101 Tilesetters,135,"39,200","41,000",Nova Scotia
"73102 Plasterers, drywall installers and finishers and lathers",505,"27,800","32,600",Nova Scotia
"7311 Roofers, glaziers, painters, decorators and floor covering installers","2,155","22,400","26,640",Nova Scotia
73110 Roofers and shinglers,555,"22,400","30,400",Nova Scotia
73111 Glaziers,165,"36,400","39,200",Nova Scotia
73112 Painters and decorators (except interior decorators),"1,095","17,200","22,840",Nova Scotia
73113 Floor covering installers,335,"29,400","27,000",Nova Scotia
"732 Building maintenance installers, servicers and repairers","4,215","33,200","34,880",Nova Scotia
"7320 Building maintenance installers, servicers and repairers","4,215","33,200","34,880",Nova Scotia
73200 Residential and commercial installers and servicers,"1,010","30,800","31,100",Nova Scotia
73201 General building maintenance workers and building superintendents,"2,845","36,800","36,320",Nova Scotia
73202 Pest controllers and fumigators,90,"42,800","43,000",Nova Scotia
73209 Other repairers and servicers,275,"26,600","31,200",Nova Scotia
733 Transportation occupations,"10,145","40,800","42,280",Nova Scotia
7330 Transport truck and transit drivers,"10,075","40,400","42,120",Nova Scotia
73300 Transport truck drivers,"7,645","44,800","44,560",Nova Scotia
"73301 Bus drivers, subway operators and other transit operators","2,425","29,400","34,520",Nova Scotia
7331 Train crew operating occupations,75,"65,000","64,000",Nova Scotia
73310 Railway and yard locomotive engineers,40,"59,200","64,000",Nova Scotia
73311 Railway conductors and brakemen/women,30,"65,000","60,000",Nova Scotia
"734 Operators, drillers and blasters","3,375","47,200","48,160",Nova Scotia
"7340 Operators, drillers and blasters","3,375","47,200","48,160",Nova Scotia
73400 Heavy equipment operators,"2,975","48,400","49,200",Nova Scotia
73401 Printing press operators,345,"36,000","35,800",Nova Scotia
"73402 Drillers and blasters - surface mining, quarrying and construction",50,"74,500","72,000",Nova Scotia
"74 Mail and message distribution, other transport equipment operators and related maintenance workers","4,590","44,400","44,280",Nova Scotia
741 Mail and message distribution occupations,"2,640","42,000","42,920",Nova Scotia
7410 Mail and message distribution occupations,"2,640","42,000","42,920",Nova Scotia
74100 Mail and parcel sorters and related occupations,570,"38,000","37,800",Nova Scotia
74101 Letter carriers,990,"56,000","50,800",Nova Scotia
74102 Couriers and messengers,"1,080","35,200","38,400",Nova Scotia
"742 Transport equipment operators, utility maintenance and related workers","1,950","46,400","46,160",Nova Scotia
"7420 Transport equipment operators, utility maintenance and related maintenance workers","1,950","46,400","46,160",Nova Scotia
74200 Railway yard and track maintenance workers,65,"44,800","52,000",Nova Scotia
74201 Water transport deck and engine room crew,600,"63,600","60,400",Nova Scotia
74202 Air transport ramp attendants,270,"32,000","35,200",Nova Scotia
74203 Automotive and heavy truck and equipment parts installers and servicers,330,"34,000","39,200",Nova Scotia
74204 Utility maintenance workers,130,"55,200","56,000",Nova Scotia
74205 Public works maintenance equipment operators and related workers,550,"41,600","37,200",Nova Scotia
"75 Helpers and labourers and other transport drivers, operators and labourers","14,910","25,000","30,960",Nova Scotia
751 Helpers and labourers,"10,790","28,000","33,840",Nova Scotia
7510 Longshore workers and material handlers,"4,540","33,200","38,880",Nova Scotia
75100 Longshore workers,425,"60,800","68,000",Nova Scotia
75101 Material handlers,"4,120","31,600","35,880",Nova Scotia
7511 Trades helpers and labourers,"6,255","24,600","30,200",Nova Scotia
75110 Construction trades helpers and labourers,"5,955","24,600","30,240",Nova Scotia
75119 Other trades helpers and labourers,295,"22,800","29,200",Nova Scotia
"752 Transport drivers, operators and labourers","4,115","16,200","23,460",Nova Scotia
"7520 Taxi, personal service and delivery service drivers","3,250","13,300","19,960",Nova Scotia
75200 Taxi and limousine drivers and chauffeurs,"1,155","5,200","9,160",Nova Scotia
75201 Delivery service drivers and door-to-door distributors,"2,095","21,800","25,920",Nova Scotia
7521 Water and rail transport operators and labourers and related occupations,870,"35,200","36,600",Nova Scotia
75210 Boat and cable ferry operators and related occupations,160,"47,200","49,200",Nova Scotia
75211 Railway and motor transport labourers,35,"12,100","16,000",Nova Scotia
75212 Public works and maintenance labourers,670,"35,200","34,700",Nova Scotia
"8 Natural resources, agriculture and related production occupations","17,420","23,000","33,840",Nova Scotia
80 Middle management occupations in production and agriculture,"2,430","24,000","37,040",Nova Scotia
800 Middle management occupations in production and agriculture,"2,430","24,000","37,040",Nova Scotia
8001 Managers in natural resources production and fishing,240,"101,000","126,000",Nova Scotia
80010 Managers in natural resources production and fishing,240,"101,000","126,000",Nova Scotia
"8002 Managers in agriculture, horticulture and aquaculture","2,185","19,000","27,400",Nova Scotia
80020 Managers in agriculture,"1,975","18,200","26,160",Nova Scotia
80021 Managers in horticulture,155,"30,800","34,500",Nova Scotia
80022 Managers in aquaculture,60,"44,800","50,000",Nova Scotia
"82 Supervisors in natural resources, agriculture and related production","1,005","47,600","60,300",Nova Scotia
"820 Supervisors in natural resources, agriculture and related production","1,005","47,600","60,300",Nova Scotia
"8201 Supervisors, logging and forestry",195,"55,600","60,800",Nova Scotia
"82010 Supervisors, logging and forestry",195,"55,600","60,800",Nova Scotia
"8202 Contractors and supervisors, mining, oil and gas",270,"101,000","108,000",Nova Scotia
"82020 Supervisors, mining and quarrying",150,"100,000","100,000",Nova Scotia
"82021 Contractors and supervisors, oil and gas drilling and services",115,"107,000","118,000",Nova Scotia
"8203 Contractors and supervisors, agriculture, horticulture and related operations and services",535,"32,800","36,400",Nova Scotia
82030 Agricultural service contractors and farm supervisors,35,"38,400","44,000",Nova Scotia
"82031 Contractors and supervisors, landscaping, grounds maintenance and horticulture services",510,"31,800","35,800",Nova Scotia
83 Occupations in natural resources and related production,"3,740","38,400","47,920",Nova Scotia
831 Occupations in natural resources and fisheries,"3,740","38,400","47,920",Nova Scotia
"8310 Underground miners, oil and gas drillers and related occupations",230,"75,000","92,000",Nova Scotia
83100 Underground production and development miners,155,"78,500","84,000",Nova Scotia
"83101 Oil and gas well drillers, servicers, testers and related workers",75,"68,500","108,000",Nova Scotia
8311 Logging machinery operators,190,"47,600","48,000",Nova Scotia
83110 Logging machinery operators,190,"47,600","48,000",Nova Scotia
8312 Fishing vessel masters and fishermen/women,"3,315","35,600","44,840",Nova Scotia
83120 Fishing masters and officers,405,"52,400","62,600",Nova Scotia
83121 Fishermen/women,"2,910","34,800","42,360",Nova Scotia
"84 Workers in natural resources, agriculture and related production","4,760","23,200","30,960",Nova Scotia
841 Workers in natural resources and fisheries,"4,760","23,200","30,960",Nova Scotia
8410 Mine service workers and operators in oil and gas drilling,115,"60,400","57,000",Nova Scotia
84100 Underground mine service and support workers,30,0,"60,000",Nova Scotia
84101 Oil and gas well drilling and related workers and services operators,80,"60,800","56,000",Nova Scotia
8411 Logging and forestry workers,615,"21,600","24,500",Nova Scotia
84110 Chain saw and skidder operators,295,"20,200","21,600",Nova Scotia
84111 Silviculture and forestry workers,325,"22,600","27,100",Nova Scotia
8412 Workers in agriculture and fishing occupations,"4,030","23,200","31,200",Nova Scotia
84120 Specialized livestock workers and farm machinery operators,760,"19,000","21,680",Nova Scotia
84121 Fishing vessel deckhands,"3,275","23,800","33,440",Nova Scotia
"85 Harvesting, landscaping and natural resources labourers","5,485","13,500","20,420",Nova Scotia
"851 Harvesting, landscaping and natural resources labourers","5,485","13,500","20,420",Nova Scotia
"8510 Agriculture, horticulture and harvesting labourers and related occupations","2,090","13,400","21,700",Nova Scotia
85100 Livestock labourers,660,"15,000","21,480",Nova Scotia
85101 Harvesting labourers,440,"7,600","12,640",Nova Scotia
85102 Aquaculture and marine harvest labourers,495,"15,900","29,500",Nova Scotia
85103 Nursery and greenhouse labourers,475,"14,100","20,200",Nova Scotia
85104 Trappers and hunters,10,0,"90,000",Nova Scotia
"8511 Mine and oil and gas drilling, services and related labourers",160,"42,800","50,000",Nova Scotia
85110 Mine labourers,60,"46,800","62,000",Nova Scotia
"85111 Oil and gas drilling, servicing and related labourers",100,"29,800","43,000",Nova Scotia
"8512 Logging, forestry, landscaping and other related labourers","3,240","13,000","18,180",Nova Scotia
85120 Logging and forestry labourers,165,"11,500","14,400",Nova Scotia
85121 Landscaping and grounds maintenance labourers,"3,075","13,200","18,400",Nova Scotia
9 Occupations in manufacturing and utilities,"19,760","36,000","42,840",Nova Scotia
90 Middle management occupations in manufacturing and utilities,"1,720","76,500","87,200",Nova Scotia
900 Middle management occupations in manufacturing and utilities,"1,720","76,500","87,200",Nova Scotia
9001 Managers in manufacturing and utilities,"1,720","76,500","87,200",Nova Scotia
90010 Manufacturing managers,"1,425","70,500","80,700",Nova Scotia
90011 Utilities managers,295,"107,000","118,000",Nova Scotia
"92 Processing, manufacturing and utilities supervisors and utilities operators and controllers","2,630","66,000","69,900",Nova Scotia
"920 Supervisors, processing, manufacturing, assembly and fabrication occupations","1,150","62,800","69,200",Nova Scotia
"9201 Supervisors, processing and manufacturing occupations",935,"63,600","69,400",Nova Scotia
"92010 Supervisors, mineral and metal processing",50,"77,500","76,000",Nova Scotia
"92011 Supervisors, petroleum, gas and chemical processing and utilities",275,"94,000","98,000",Nova Scotia
"92012 Supervisors, food and beverage processing",405,"47,600","49,400",Nova Scotia
"92013 Supervisors, plastic and rubber products manufacturing",100,"81,000","78,000",Nova Scotia
"92014 Supervisors, forest products processing",85,"71,500","63,000",Nova Scotia
"92015 Supervisors, textile, fabric, fur and leather products processing and manufacturing",20,0,"44,000",Nova Scotia
"9202 Supervisors, assembly and fabrication",220,"57,600","69,000",Nova Scotia
"92020 Supervisors, motor vehicle assembling",20,0,"48,000",Nova Scotia
"92021 Supervisors, electronics and electrical products manufacturing",40,"56,400","60,000",Nova Scotia
"92022 Supervisors, furniture and fixtures manufacturing",0,0,0,Nova Scotia
"92023 Supervisors, other mechanical and metal products manufacturing",110,"78,000","86,000",Nova Scotia
"92024 Supervisors, other products manufacturing and assembly",50,"48,400","52,000",Nova Scotia
921 Utilities equipment operators and controllers,"1,480","67,000","70,500",Nova Scotia
9210 Utilities equipment operators and controllers,"1,480","67,000","70,500",Nova Scotia
92100 Power engineers and power systems operators,"1,030","70,000","76,200",Nova Scotia
92101 Water and waste treatment plant operators,450,"63,200","57,600",Nova Scotia
93 Central control and process operators and aircraft assembly assemblers and inspectors,420,"53,600","67,600",Nova Scotia
931 Central control and process operators in processing and manufacturing,305,"61,200","78,000",Nova Scotia
9310 Central control and process operators in processing and manufacturing,305,"61,200","78,000",Nova Scotia
"93100 Central control and process operators, mineral and metal processing",20,0,"56,000",Nova Scotia
"93101 Central control and process operators, petroleum, gas and chemical processing",255,"60,400","81,000",Nova Scotia
"93102 Pulping, papermaking and coating control operators",25,0,"68,000",Nova Scotia
932 Aircraft assemblers and aircraft assembly inspectors,115,"35,200","41,000",Nova Scotia
9320 Aircraft assemblers and aircraft assembly inspectors,115,"35,200","41,000",Nova Scotia
93200 Aircraft assemblers and aircraft assembly inspectors,115,"35,200","41,000",Nova Scotia
"94 Machine operators, assemblers and inspectors in processing, manufacturing and printing","7,995","33,600","36,000",Nova Scotia
941 Processing and manufacturing machine operators and related production workers,"5,800","33,600","35,880",Nova Scotia
9410 Machine operators and related workers in mineral and metal products processing and manufacturing,405,"41,600","44,000",Nova Scotia
"94100 Machine operators, mineral and metal processing",60,"57,600","52,000",Nova Scotia
94101 Foundry workers,0,0,0,Nova Scotia
94102 Glass forming and finishing machine operators and glass cutters,20,0,"24,000",Nova Scotia
"94103 Concrete, clay and stone forming operators",80,"40,800","44,000",Nova Scotia
"94104 Inspectors and testers, mineral and metal processing",20,0,"45,000",Nova Scotia
94105 Metalworking and forging machine operators,75,"32,800","36,000",Nova Scotia
94106 Machining tool operators,45,"57,200","52,000",Nova Scotia
94107 Machine operators of other metal products,95,"44,800","47,000",Nova Scotia
"9411 Machine operators and related workers in chemical, plastic and rubber processing","1,540","54,000","49,360",Nova Scotia
94110 Chemical plant machine operators,70,"38,000","42,000",Nova Scotia
94111 Plastics processing machine operators,270,"46,800","41,600",Nova Scotia
94112 Rubber processing machine operators and related workers,"1,205","56,400","51,600",Nova Scotia
9412 Machine operators and related workers in pulp and paper production and wood processing and manufacturing,545,"40,000","40,200",Nova Scotia
94120 Sawmill machine operators,215,"36,800","32,400",Nova Scotia
"94121 Pulp mill, papermaking and finishing machine operators",100,"73,500","67,000",Nova Scotia
94122 Paper converting machine operators,90,"54,400","54,000",Nova Scotia
94123 Lumber graders and other wood processing inspectors and graders,45,"28,400","33,000",Nova Scotia
94124 Woodworking machine operators,60,"12,000","18,000",Nova Scotia
94129 Other wood processing machine operators,35,"23,800","28,000",Nova Scotia
"9413 Machine operators and related workers in textile, fabric, fur and leather products processing and manufacturing",495,"22,600","24,200",Nova Scotia
"94130 Textile fibre and yarn, hide and pelt processing machine operators and workers",90,"22,600","25,200",Nova Scotia
"94131 Weavers, knitters and other fabric making occupations",70,"36,000","31,000",Nova Scotia
94132 Industrial sewing machine operators,310,"19,000","22,600",Nova Scotia
"94133 Inspectors and graders, textile, fabric, fur and leather products manufacturing",30,0,"22,000",Nova Scotia
"9414 Machine operators and related workers in food, beverage and associated products processing","2,475","22,000","28,120",Nova Scotia
"94140 Process control and machine operators, food and beverage processing",800,"42,000","41,100",Nova Scotia
"94141 Industrial butchers and meat cutters, poultry preparers and related workers",110,"38,400","34,000",Nova Scotia
94142 Fish and seafood plant workers,"1,105","15,400","20,280",Nova Scotia
"94143 Testers and graders, food and beverage processing",460,"18,800","23,000",Nova Scotia
9415 Printing equipment operators and related occupations,335,"32,800","31,400",Nova Scotia
94150 Plateless printing equipment operators,130,"31,800","30,400",Nova Scotia
"94151 Camera, platemaking and other prepress occupations",85,"47,600","49,000",Nova Scotia
94152 Binding and finishing machine operators,65,"12,000","18,000",Nova Scotia
94153 Photographic and film processors,50,"21,800","23,000",Nova Scotia
942 Assemblers and inspectors in manufacturing,"2,195","33,600","36,360",Nova Scotia
"9420 Mechanical, electrical and electronics assemblers and inspectors",670,"34,800","36,900",Nova Scotia
"94200 Motor vehicle assemblers, inspectors and testers",225,"26,600","28,800",Nova Scotia
"94201 Electronics assemblers, fabricators, inspectors and testers",215,"37,600","38,400",Nova Scotia
"94202 Assemblers and inspectors, electrical appliance, apparatus and equipment manufacturing",65,"26,400","29,000",Nova Scotia
"94203 Assemblers, fabricators and inspectors, industrial electrical motors and transformers",0,0,0,Nova Scotia
94204 Mechanical assemblers and inspectors,95,"57,600","58,000",Nova Scotia
"94205 Machine operators and inspectors, electrical apparatus manufacturing",55,"35,200","38,000",Nova Scotia
"9421 Furniture, wood, plastic and other products assemblers, finishers and inspectors","1,530","33,200","36,160",Nova Scotia
"94210 Furniture and fixture assemblers, finishers, refinishers and inspectors",115,"25,200","25,600",Nova Scotia
94211 Assemblers and inspectors of other wood products,180,"24,800","26,400",Nova Scotia
"94212 Plastic products assemblers, finishers and inspectors",105,"46,000","40,000",Nova Scotia
"94213 Industrial painters, coaters and metal finishing process operators",390,"44,400","45,800",Nova Scotia
"94219 Other products assemblers, finishers and inspectors",740,"32,400","34,500",Nova Scotia
"95 Labourers in processing, manufacturing and utilities","6,990","23,200","28,080",Nova Scotia
"951 Labourers in processing, manufacturing and utilities","6,990","23,200","28,080",Nova Scotia
"9510 Labourers in processing, manufacturing and utilities","6,990","23,200","28,080",Nova Scotia
95100 Labourers in mineral and metal processing,125,"29,000","32,500",Nova Scotia
95101 Labourers in metal fabrication,230,"28,600","32,000",Nova Scotia
95102 Labourers in chemical products processing and utilities,160,"23,400","32,000",Nova Scotia
"95103 Labourers in wood, pulp and paper processing",455,"30,000","31,600",Nova Scotia
95104 Labourers in rubber and plastic products manufacturing,"1,095","52,800","46,300",Nova Scotia
95105 Labourers in textile processing and cutting,120,"18,000","23,600",Nova Scotia
95106 Labourers in food and beverage processing,"1,565","23,400","26,400",Nova Scotia
95107 Labourers in fish and seafood processing,"1,795","14,800","20,660",Nova Scotia
"95109 Other labourers in processing, manufacturing and utilities","1,445","21,400","23,100",Nova Scotia
